smiles,HIV_active
CC1(C)C(=O)C(C)(C)C1=NNC(N)=S,0.00225376570597291
CC(Oc1ccccc1)C(=O)NN,0.0002410930028418079
NCCCCC(NC(=O)OCc1ccccc1)C(=O)NCC(N)=O,0.0029993096832185984
Cc1cc2nnn(C3CCCO3)c2cc1C,0.006074363831430674
Cc1ccnc2c1ccc1nc3ccccc3n12,0.0050623174756765366
COC1C(O)C(n2ccc(=O)[nH]c2=O)OC1C(OC1OC(C(=O)NC2CCCCNC2=O)=CC(O)C1O)C(N)=O,0.22409717738628387
CC(C)CC1C(=O)NCCC(NC(=O)C(N)Cc2ccc(O)cc2)C(=O)NC(Cc2ccccc2)C(=O)NC(Cc2ccccc2)NC1=O.O=C(O)C(F)(F)F,0.007058335933834314
CC12Cc3conc3C(O)=C1CCC1C2CCC2(C)C(O)CCC12,0.05896373465657234
CC1(C)Oc2ccccc2N2OC3C(=O)N(c4ccccc4)C(=O)C3C21c1ccccc1,0.00024629951803945005
CC(Sc1ccccc1)=C1CCCN(Cc2ccccc2)C1.O=C(O)C(=O)O,0.04795185104012489
CC(C)(C)C1CCC2c3c([nH]c4ccccc34)C3C(=O)N(c4ccc5c(c4)C(=O)c4ccccc4C5=O)C(=O)C3C2C1,0.010317971929907799
COC1=CC(=Nc2c(Cl)cc(Cl)cc2OC(=O)c2ccc([N+](=O)[O-])cc2)C=C(OC)C1=O,0.0029624553862959146
N#Cc1c(-c2ccccc2)cn2c1[nH]c(=O)c1ccccc12,0.00663281325250864
CCCCCCCCSCC1OC2OC3C(CSCCCCCCCC)OC(OC4C(CSCCCCCCCC)OC(OC5C(CSCCCCCCCC)OC(OC6C(CSCCCCCCCC)OC(OC7C(CSCCCCCCCC)OC(OC8C(CSCCCCCCCC)OC(OC1C(OS(=O)(=O)O)C2OS(=O)(=O)O)C(OS(=O)(=O)O)C8OS(=O)(=O)O)C(OS(=O)(=O)O)C7OS(=O)(=O)O)C(OS(=O)(=O)O)C6OS(=O)(=O)O)C(OS(=O)(=O)O)C5OS(=O)(=O)O)C(OS(=O)(=O)O)C4OS(=O)(=O)O)C(OS(=O)(=O)O)C3OS(=O)(=O)O,0.5022305846214294
O=C(COC(=O)c1cccc2c(=O)c3ccccc3[nH]c12)Nc1ccc(S(=O)(=O)Nc2ncccn2)cc1,0.019738102331757545
O=C(O)c1ccc(-c2nc3cccc4cccc([nH]2)c43)cc1,0.0024585300125181675
CC(C)C(Nc1c2ccccc2[n+](C)c2ccccc12)C(=O)O.COS(=O)(O)=[OH+],0.00034642001264728606
CCn1c(=O)c(N=O)c(N)n(C2CC2)c1=O,2.0255825802451e-05
N=C1NNC2(C(=N)N1)c1ccccc1-c1ccccc12,0.0008791621075943112
O=C(O)Cc1nc(O)nc(O)c1CCl,7.028576510492712e-05
CCCC[Sn]1(CCCC)N(S(=O)(=O)c2ccc(C)cc2)c2ccccc2N1S(=O)(=O)c1ccc(C)cc1,2.8599422829955756e-09
CNC(=O)C(C)C1C(=O)C(=C(O)C=CC(C)=CC(C)C2OC3(C)OC(C=CC34CO4)C2C)C(=O)N1C1CCC(O)C(C)O1,0.030148837715387344
CC(C)CC(=O)OCC1CCC[N+]2(C)CCCCC12.[I-],0.003360932460054755
C=C1C2Oc3ccccc3C1N(c1ccccc1)O2,0.0005810064030811191
CN(C)CC1CN=C(NC(=O)Nc2ccccc2)O1,0.013248074799776077
Cn1cnc(N)c1S(=O)(=O)Nc1ccccc1Cl,0.004616249818354845
CC(=O)c1c(-c2ccc(O)cc2)oc2cc(O)ccc12,0.019559767097234726
CC#CCCC1CCCCN(C(=O)OC(C)(C)C)C1OCC,0.002514513907954097
O=C(OC1C#CCSCC#CC=C1)c1ccc2c(c1)C(=O)c1ccccc1C2=O,0.0855056643486023
O=C(O)C(O)=C1C=C(c2ccccc2)c2ccccc21,0.00038401561323553324
Cc1ccccc1N1C(=O)CC2(CCCC2)C1=O,0.0009771018521860242
O=[N+]([O-])N1CCCS1(=O)=O,0.00010845048382179812
O=C1CC(c2cccc(Cl)c2)n2cccc21,0.000377871620003134
CCNC(=O)N(CC)CN(CC)C(=O)NCC,1.7877569916890934e-05
Cc1c2ccc(Cl)cc2nc2ccc(OCCCCCCNC(=O)C(N)CCCNC(=N)N)cc12.Cl,0.03838770091533661
CN(N)c1nc(N)c(C#N)c(C#N)c1C#N,4.2089417547686026e-05
O=CC(=C(Cl)c1ccc(O)cc1)c1ccccc1,0.030944185331463814
C[N+]1(C)CC(=Cc2ccncc2)C(=O)C(=Cc2ccncc2)C1.[I-],0.0012745921267196536
CC1COC2=C1C(=O)C(=O)c1c2ccc2c1CCCC2(C)C,0.007148015312850475
CN1c2ccccc2Sc2c(-c3ccccc3)n[nH]c21,0.0020881560631096363
N#CC1=C(O)NC(O)=C(C#N)C1c1c(Cl)cccc1Cl,0.0023248617071658373
O=c1[nH]c2c(cnn2-c2ccccc2)c(=O)n1O,0.000967630126979202
CC(C)=Nn1cnc(C(=N)C#N)c1N,0.0009590951376594603
O=c1cc(-c2cccs2)ss1,0.0030358934309333563
COc1ccc(N=Nc2c(C)c(C#N)c(=S)n(C3OC(CO)C(O)C(O)C3O)c2C)cc1,0.017092183232307434
O=C(NC=C1C(=O)Oc2ccccc2C1=O)Nc1ccccc1,0.0005135997198522091
O=C(Nc1nc2ccccc2s1)c1cc([N+](=O)[O-])ccc1Cl,0.03280997276306152
CSC(=NN=C(C)c1ccc(S(=O)(=O)N(C)c2ccccc2)cc1)SC,0.01626875065267086
O=C(Nn1c(-c2ccccc2)nc2ccccc2c1=O)c1ccc([N+](=O)[O-])cc1,0.00042905606096610427
CC(C)(C)OC(=O)NC(Cc1cc(C(C)(C)C)c(O)c(C(C)(C)C)c1)C(=O)O,0.0006907760980539024
CC(C)(C)C1CCC2c3c([nH]c4ccccc34)C3C(=O)N(c4ccc(C#N)cc4)C(=O)C3C2C1,0.0018895926186814904
O=C1c2ccccc2C(=O)c2c1nnn2-c1ccccc1,0.0024025351740419865
COc1ccc(C(=O)C(C(=O)C(=O)Nc2ccc(Cl)c(Cl)c2)c2ccc(OC)cc2)cc1,0.001267391606234014
Cc1cn(CC(CO)CCO)c(=O)[nH]c1=O,0.015636242926120758
CCOC(=O)C1=C2N=C(O)C(C(=O)OCC)=C2N=C1O,0.0005270389374345541
Cc1cc(NS(=O)(=O)c2ccc(NC(=O)COC(=O)c3cccc4c(=O)c5ccccc5[nH]c34)cc2)no1,0.027165809646248817
O=c1[nH]c2ncccc2c(=O)n1OS(=O)(=O)c1ccccc1,0.004736193455755711
CC(=O)Oc1cc(C)c(OC(C)=O)c2c1C1CCC3(C)C(OC(C)=O)CCC3C1CC2,0.015265342779457569
Clc1ccc(C2=NOC(C3CCCCC3)C2)cc1,0.0008115197997540236
CCC(C)(C)c1cc2c(O)c(c1)C1(CC(C)(C)c3ccc(O)c1c3)SS2,0.002812993945553899
CC1CN(c2ccccc2)NC1=O,0.007339872885495424
COCCCCCCCCCCC(=O)OCC1OC(n2cc(C)c(=O)[nH]c2=O)CC1N=[N+]=[N-],0.9368413090705872
Nc1c(C(=O)O)nnc2cc(Cl)c(Cl)cc12,9.174220394925214e-06
C=CCCCCCCCCC(=O)ON(Cc1ccc(O)c(OC)c1)C(=O)C(F)(F)F,0.0008014292689040303
Cc1cc(O)nc(-n2nc(C)c(CCO)c2O)n1,0.00043712917249649763
CC(C)(C)NN=C(Cc1nc2c3c(ccc2nc1O)C(=O)c1ccccc1C3=O)C(=O)NC1=C(Cl)C(=O)c2ccccc2C1=O,0.010056843981146812
CC1C(Cl)(Cl)C1(C)C=CC1C(C)(C)C1(Cl)Cl,1.1934641053201744e-09
O=C(O)CCSC(=S)Nc1ccc([N+](=O)[O-])cc1,0.0004260311834514141
O=C(O)CCCc1ccc2c(c1)CC1(C2)Cc2cc3c(cc2C1)CCCC3,3.5761856906901812e-06
O=C(c1ccc(Cl)cc1Cl)N(C(=O)N1CCCCC1)c1ccccc1,0.0004068774578627199
CN(C)c1ccc(C(=O)CCCN2CCC(O)(c3ccc(Cl)cc3)CC2)cc1,2.9073236873955466e-05
[N-]=[N+]=NC12CC3CC(CC(C3)C1)C2,0.001646515796892345
O=C(C=Cc1ccccc1-c1ccccc1)c1ccccc1,0.0028755960520356894
OCCNc1nc(Cl)nc(Cl)n1,4.325347902067733e-07
Clc1ccc(SCCSCCCCCCCCCCSCCSc2ccc(Cl)cc2)cc1,0.00038868162664584816
CC(=O)N1CC(=O)N2C(=O)C(=Cc3ccc(Cl)cc3)N=C12,4.338365761213936e-05
FC(F)C(F)(F)N1c2ccccc2Sc2ccccc21,0.23849457502365112
Cc1cn(C2CCC(COP(=O)(OCOC(=O)C(C)(C)C)OCOC(=O)C(C)(C)C)O2)c(=O)[nH]c1=O,0.9681192636489868
O=C(O)c1cc(N=Nc2ccc(N=Nc3ccc(S(=O)(=O)O)cc3)cc2)ccc1O,0.23437687754631042
CC(CC(=O)Nc1ccc(Cl)cc1)=NNC(N)=S,8.747647370910272e-05
COc1ccc(NC(=O)c2c(NC(=O)CN3CCOCC3)c(C#N)c3n2CCC3)cc1,0.0018111624522134662
CC1(C)CC(Br)(Cc2ccccc2)C(=O)c2ccccc21,0.002063337480649352
CC(=COS(=O)(=O)C(F)(F)F)c1ccccc1,1.507474589601543e-09
O=C(OCCN=c1c2ccccc2ccc2ccccc12)c1ccc([N+](=O)[O-])cc1,0.0002113907685270533
CC(C)(CO)NCC(O)CS(=O)(=O)O,3.443293508098577e-06
Cc1cc2ccccc2n1CC(=O)N1CCCC1,0.006334258709102869
CC(=O)Oc1ccc2c(c1)Oc1cc(OC(C)=O)ccc1C21OC(=O)c2ccccc21,0.29281339049339294
C=CCC1C(=O)C2(O[Si](C(C)C)(C(C)C)C(C)C)CCC1CC2NC(=O)OCC(Cl)(Cl)Cl,1.7862199219731423e-10
CC(C)=CC1CC(n2cc(C)c(=O)[nH]c2=O)ON1CCO,0.06862637400627136
CCOC(=O)c1c[nH]cc1-c1cn(S(=O)(=O)c2ccccc2)cc1C,0.15451660752296448
Cc1cc2c(c(C(=O)O)c1C)-c1cccc(F)c1C2=O,0.0030921308789402246
CC(NC(=O)C(C)NC(=O)C(CC(N)=O)NC(=O)CN)C(=O)NC(CO)C(=O)NC(C)C(=O)NC(CCCNC(=N)N)C(=O)NC(CCCNC(=N)N)C(N)=O,0.004066922701895237
Cc1cc(N(CCC#N)CCC#N)ccc1C=C1N=C(C=Cc2ccccc2)OC(=O)N1,0.00322948070243001
CCCCN(O)C1CC(n2cc(C)c(=O)[nH]c2=O)OC1CO[Si](C)(C)C(C)(C)C,0.0925389975309372
CC(=O)NC1C(OCC(=O)NC(C)C(=O)NC(CCC(=O)NCCCCCNc2ccc([N+](=O)[O-])c3[nH]c4ccccc4c(=O)c23)C(N)=O)C(O)C(CO)OC1(C)OCc1ccccc1,0.19148612022399902
C=C1CN(S(=O)(=O)c2ccc(C)cc2)CCCN(Cc2cccs2)CCCN(S(=O)(=O)c2ccc(C)cc2)C1,0.0016479258192703128
Fc1cccc(C=NC23CC4CC(CC(C4)C2)C3)c1,0.0004048139962833375
Cl.OC(Cc1ccc(Br)cc1)CN1CCC(c2ccccc2)CC1,3.166353053529747e-05
O=C1OC(c2ccccc2)=NC1=Cc1ccc(Br)cc1,0.0002473733911756426
O=[N+]([O-])c1ccccc1SSc1ccccc1[N+](=O)[O-],0.7704342007637024
CC1=NN2C(=O)C(C)SC2=NC(C)(C)C1,1.705512113403529e-05
CC(C)CC(NC(=O)C(Cc1ccc(O)cc1)NC(=O)C(CO)NC(=O)C(CCC(N)=O)NC(=O)C1CCCN1C(=O)C(CC(C)C)NC(=O)C(C)NC(=O)CNC(=O)C(N)CCC(N)=O)C(=O)NCC(=O)O,0.023115642368793488
CO.COc1ccc(NCc2cnc3nc(N)nc(N)c3c2C)cc1,0.000388143613236025
O=C1CC2OC(c3ccccc3)OC2CO1,0.007440331857651472
COc1c(N2CCCCC2)c2c(=O)c3ccccc3oc2c2c3ccccc3n(C)c12,0.0016809927765280008
Clc1ccc(OCc2nnc(CCCCCCCCc3nnc(COc4ccc(Cl)cc4Cl)o3)o2)c(Cl)c1,0.01638128235936165
COc1ccc2c(-c3ccc(O)cc3)c(Oc3ccc(Cl)cc3)c(=O)oc2c1,0.006565253250300884
N#CC(C#N)=C1NN=C(Cl)c2ccccc21,0.000132354733068496
COc1ccc(NC(=O)C(=Cn2c(=S)[nH]c3cc(C)ccc32)C(C)=O)cc1,0.0033519843127578497
CC1=CC2CC3(C)OC(C4(C)CCC(C(C)C(=O)O)OO4)CC3C(C)(C)C2CC1,0.02735426090657711
COC(=O)C1=CC(=O)N2CCN=C2S1,0.060905858874320984
CCC(C)C(CC)C(=O)NC(N)=O,0.02154753915965557
COc1ccc(Nc2nc3ccccc3nc2C(=O)O)cc1OC,0.0017220311565324664
O=C(Cc1nc2c3c(ccc2nc1O)C(=O)c1ccccc1C3=O)C(=O)Nc1ccccc1[N+](=O)[O-],0.008333493024110794
COC(=O)C=CC(C#N)(C#N)N=Cc1ccc(Br)s1,6.511602805403527e-06
O=C1Nc2ccccc2C1=NNC(=S)Nc1ccc(Cl)cc1,0.00013352806854527444
CC(C)OC(=O)c1cc(NC(=S)OC(C)C)ccc1Cl,0.8929513096809387
COC(=O)NN=C(C(=O)Nc1cccc([N+](=O)[O-])c1)c1nc2ccc([N+](=O)[O-])cc2nc1O,0.0002553382655605674
Cc1nc2ccc(NC(=S)Nc3ccccc3)cc2c(=O)n1-c1ccccc1,0.025949956849217415
CC(C(=O)O)C1Nc2ccccc2NC1=O,0.0003277573559898883
O=C(NC(Cc1ccccc1)P(=O)(O)c1ccccc1)OCc1ccccc1,0.004557294305413961
CCC1(CC)COP(=S)(S)OC1,1.9198996596969664e-06
O=C(Nc1ccc(I)cc1)c1ccccc1[Se][Se]c1ccccc1C(=O)Nc1ccc(I)cc1,0.7028727531433105
Cc1nc2nn(Cc3ccccc3)cc2c(=O)o1,0.002077630255371332
[Br-].c1ccc([P+](c2ccccc2)(c2ccccc2)c2ccc([P+](c3ccccc3)(c3ccccc3)c3ccccc3)c3ccccc23)cc1,5.400524027976417e-09
Cc1ccccc1N1C(=S)N(c2ccc(Cl)cc2)C2=Nc3ccccc3NC1=C2N=Nc1cc(Cl)ccc1Cl,0.0006301344255916774
NNc1ncnc2cccc(Cl)c12,0.0008863891125656664
COc1ccc2c(c1)CCc1[nH]c3ccccc3c1CCCC2,2.131618748535402e-05
COc1ccc(-c2nnc3[nH]c4ccccc4n3c2=O)cc1,0.0017895885976031423
O=[PH](O)c1ccccn1,8.396534212806728e-06
CC(=O)C1C(=O)OC2C3C=CC(C3)C2C1=O,0.0008180809672921896
CC(C)CS(=O)(=O)C(=C(c1ccc(Br)cc1)S(=O)(=O)CC(C)C)c1ccc(Br)cc1,0.00016294789384119213
O=C(Nc1ccccc1)n1[nH]c(=O)n(-c2ccccc2)c1=O,0.000540196371730417
Cc1ccc(S(=O)(=O)NC(CCC(=O)NN)C(=O)NN)cc1,0.0002222855546278879
Cc1cccc(C(C)C)c1NC(=O)CC1C(=O)Nc2ccccc2S1(=O)=O,0.00962939951568842
O=c1cc(-c2ccc(O)cc2)oc2cc(OC3OC(CO)C(O)C(O)C3O)cc(O)c12,0.06992360204458237
CC1(C)OCC(C)(C)C(O)C1=O,0.0005892301560379565
COC(=O)C=CCOCC1C2CCC(=O)C21,0.013455774635076523
O=C1CCC2(c3ccc(F)cc3)Nc3ccc(Cl)cc3N12,0.0037048037629574537
COC(=O)C(=O)C(C(=O)Nc1cccc(C)c1C)C1Sc2ccccc2NC1=O,0.004065215587615967
CC(=O)NNc1nc(C)c(C(C=Cc2ccc(Cl)cc2)=NNC(=O)C[N+](C)(C)C)s1.[Cl-],0.00021608412498608232
O=CC(O)C(O)C(O)C(O)COP(=O)(O)Cc1ccccc1,0.0011132456129416823
CCCCCCCCCCCCCCCc1cc(=O)c2c(O)cc(O)cc2o1,0.004352448042482138
[O-]c1c2c(nn1-c1ccccc1)c1ccccc1c[n+]2Cc1ccccc1,0.0021275391336530447
CCOC(=O)C1(C)CC(O)C(=O)N1C,0.0011916152434423566
CC1CCC2(CC1)NC1=C(CC(C)CC1)C1=C2CC(C)CC1,0.04566150903701782
COc1cc(C2c3cc4c(cc3OC(NNS(=O)(=O)c3ccc(C)cc3)C2C)OCO4)cc(OC)c1O,0.0064286235719919205
CC=C(CCC1NCCC2c3ccccc3NC12)[Si](C)(C)C,0.0005639169248752296
Cc1cc(N(CCC#N)CCC#N)ccc1C=C1N=C(C=Cc2ccccc2)N(NC(=O)CC(=O)Nc2ccccc2Cl)C1=O,0.0011191191151738167
COc1cc(C(c2cc3c(cc2O)OCO3)N2CCCC2)cc(OC)c1OC,0.00589367188513279
CCC(C)C(=O)OC1C(O)C2C(CN3CC(C)CCC3C2(C)O)C2CC34OC5(O)C(OC(=O)C(C)(O)CC)CCC3(C)C5C(OC(C)=O)C(OC(C)=O)C4C21O,0.04000018164515495
CC1(C)NC(=O)C(NC(=O)C(N)CC(=O)O)CCCCNC(=O)CCNC1=O,0.0004672387149184942
CC12CCC3c4cc(Br)c(O)c(Br)c4CCC3C1CCC2=O,0.05091170594096184
O=C(O)C1(Cc2ccccc2)Cc2cc3c(cc2C1)CCC3,4.1151024561258964e-06
CCC1=C2C(=O)c3ccccc3C2=C(C)S(=O)(=O)O1,0.0037856067065149546
CNC(=O)Nc1ccc(Cl)cn1,0.0001575559435877949
CC1=NN(C(=O)c2ccccc2Br)C(=O)C1N=Nc1ccccc1C(=O)O,0.000516059750225395
O=C1c2cccc3c([N+](=O)[O-])ccc(c23)C(=O)N1CCc1ccccn1,0.00016164718545041978
O=C1C(=Cc2ccccc2)N=C(c2ccccc2)N1n1c(-c2ccccc2)nc2ccccc2c1=O,0.0004930442082695663
C=C(C)C1CC=C(C)CCCC2(CCC3=C(CC(C(=C)C)CC=C(C)CCC3)O2)C(=O)C1,0.002775983652099967
CC1C2CC(CC2O)C1(C)C,0.0003583780489861965
COc1ccc(C=C2N=C(SC)NC2=O)cc1,0.010765268467366695
CN(C)C1C(O)=C(C(=O)NCNC(CCS(C)=O)C(=O)O)C(=O)C2(O)C(O)=C3C(=O)c4c(O)cccc4C(C)(O)C3CC12,0.00881254579871893
Cc1cc(C)n(C2OC(CO)C(O)C(O)C2O)c(=S)c1C#N,0.06748765707015991
CCCCCC=C(c1cc(Cl)c(OC)c(C(=O)OCCC)c1)c1cc(Cl)c(OC)c(C(=O)OCCC)c1,0.4207853376865387
N#Cc1nc(CCCN2C(=O)c3ccccc3C2=O)oc1N,0.009621313773095608
CC(=O)OC1(C)OC(=O)C(CC(C)C)N1[N+](=O)[O-],0.010754818096756935
CCCc1cc(=O)oc2c3c(cc(OC(C)CC)c12)OC(C)C(C)C3=O,0.48551276326179504
CCOC(=O)C(OP(=O)(OCC)OCC)C(F)(F)F,0.0009799792896956205
CC1CC2C(=O)NC(=O)C2c2[nH]c3ccccc3c21,0.0019390815868973732
O=C1c2ccncc2C(=O)c2c1[nH]c1ccccc21,0.010134367272257805
[N-]=[N+]=CC(=O)C1CCN(c2ccccc2)C1=O,0.0021954337134957314
Cc1cc(=O)oc2cc(N)ccc12,0.00025699613615870476
CCN(CC)CCC(=O)NC1c2ccccc2Sc2c(C)cccc21,0.03991250321269035
CC(O)=[OH+].CO[Rh-4]12(OC)(OC)[OH+]C(C)=[O+][Rh-4]13([OH+]C(C)=O)([O+]=C(C)[OH+]2)[n+]1ccccc1-c1cccc[n+]13,2.7466115319618734e-12
N=C(NN=CC(O)C(O)C(O)C(O)C(=O)O)C(=N)NN=CC(O)C(O)C(O)C(O)C(=O)O,0.002751976251602173
OC1(c2ccc(Cl)cc2)c2ccccc2C2=Nc3ccccc3CN21,7.269021443789825e-05
CCOC(=O)c1ccc(CS(=O)(=O)c2ccc(C)cc2)c([N+](=O)[O-])c1,0.0023969553876668215
c1ccc2c(c1)cnn1cnnc21,0.0003236863703932613
CN1CCC2(CC1)C(NC1CCCCC1)=NC(=O)N2c1ccccc1.Cl,0.0006690605659969151
COc1cc2c(c3c1C1Oc4cc(OCc5ccccc5)c(O)cc4C1C(C)(C)O3)CCC(C)(C)O2,0.04478031024336815
OC1CCC2OOC1O2,0.0024142172187566757
CSc1nc(O)c2nc(C)c(C)nc2n1,0.0004917551414109766
O=C1OCN(c2ccccc2)C12CCN(Cc1ccccc1)CC2,0.0022284393198788166
C=Cc1ccc(C)[n+](C[Si](C)(C)O[Si](C)(C)C[n+]2cc(C=C)ccc2C)c1.[I-],0.00021857819228898734
Cn1c(COC(=O)Nc2ccccc2)c(COC(=O)Nc2ccccc2)c2ccc3cc(Cl)c(Cl)cc3c21,0.027411822229623795
COC(=O)C1=C(C(=O)OC)C2=S(SC3=C2CCCC3)S1,0.01125798188149929
C=CC(C)(C)C12CC3C(=O)NC(Cc4ccccc4)C(=O)N3C1N(C(C)=O)c1ccccc12,0.0002653175324667245
CCCCCCOC(=O)c1[nH]c(=O)n(CCCCCC)c(=O)c1N,0.003142877947539091
COc1ccccc1N=NC1=C2Nc3ccccc3N=C1N(c1ccccc1OC)C(=S)N2c1ccccc1C,0.0007157939253374934
CC(C)(c1cn(Cc2ccccc2)c2ccccc12)c1cn(Cc2ccccc2)c2ccccc12,0.00022356702538672835
Cc1c2ccccc2n[c-](CS(C)(=O)=O)[n+]1=O,0.030379382893443108
O=c1ccc2nc3cc(Br)ccc3sc-2c1,0.009995383210480213
COC1=NS(=O)(=O)C2CCCCCCC2O1,0.000789374636951834
CC(=O)C1C(=O)C(=O)N(c2ccc(Br)cc2)C1=O.[NaH],0.0006020435830578208
O=C(C(=CC(=O)c1cccs1)c1ccsc1)c1ccc(Br)cc1,0.0008193279500119388
COc1ccc(-c2nnc3sc4c5ccccc5ccc4n23)cc1,0.003154400736093521
O=C(O)C1S[Bi](SC(C(=O)O)C(S[Bi]2SC(C(=O)O)C(C(=O)O)S2)C(=O)O)SC1C(=O)O,0.0024328920990228653
O=Nc1c(O)nc(S)nc1O,0.0002086690947180614
CC1C2=C(CC(C)(C)CC2=O)NC2=C1C(=O)CC(C)(C)C2,0.013997683301568031
CCOC(=O)C1=NN(c2ccccc2)C(=O)C1=Cn1ccc(=O)[nH]c1=S,0.0016689141048118472
CCC(C)(O)c1cn(-c2ccc(S(=O)(=O)O)cc2)nn1,0.0006839699344709516
CC(C)(C)N1C(=O)[N-][N+](=C(C(c2ccccc2)=[N+]2[N-]C(=O)N(C(C)(C)C)C2=O)c2ccccc2)C1=O,0.00011904502753168344
CC(=O)c1c2c(cc3c1CC1(C3)Cc3cc4c(c(C(=O)O)c3C1)CCC4)CCC2,0.0004908117698505521
Cl.O=C(OCC1CCCN2CCCCC12)c1ccc(Cl)cc1,0.0005890998872928321
CCN(CC)C(=O)N1CN(c2ccccc2)C2(CCN(CCCC3(c4ccc(F)cc4)OCCO3)CC2)C1=O.Cl,0.0015878924168646336
Cc1c(C)c(C)c(-n2c(=O)n(C)c(=O)n2C(C)(C)C)c(C)c1C,0.0005087121389806271
Cc1ccccc1-n1c(=O)c2ncn(CCCl)c2n(-c2ccccc2C)c1=S,0.0003431633813306689
CS(=O)(=O)CCC1CCC(=O)O1,0.0005992933292873204
COc1ccc(N2C(N)=C(C#N)C(C#N)(C#N)C2c2cccc([N+](=O)[O-])c2)cc1,5.683095150743611e-05
O=C(CC(C(=O)c1ccco1)c1ccsc1)c1ccco1,0.0006628825212828815
Cc1nc2ccccc2cc1C[N+]12CN3CN(CN(C3)C1)C2,0.0005970604834146798
CCOC(CC1(O)C(=O)N(Cc2ccccc2)c2ccccc21)OCC,0.015291886404156685
COC1(C)C(=O)N2C1N(C(C)=O)CC2(C)C,8.935470395954326e-05
O=S(=O)(c1ccc(O)cc1)c1ccc(I)cc1,0.014589611440896988
N=C(N)NC(=N)Nc1ccc(Sc2ccc(NC(=N)NC(=N)N)cc2)cc1,0.48021572828292847
CC(C)(C)CC(C)(C)c1cc2c(O)c(c1)Cc1cc(C(C)(C)CC(C)(C)C)cc(c1O)Cc1cc(C(C)(C)CC(C)(C)C)cc(c1O)Cc1cc(C(C)(C)CC(C)(C)C)cc(c1O)Cc1cc(C(C)(C)CC(C)(C)C)cc(c1O)C2,0.000144749297760427
N=C(N)NS(=O)(=O)c1ccc(NC(=O)c2ccc(Cl)c3c(Nc4ccc(S(=O)(=O)NC(=N)N)cc4)c4ccccc4nc23)cc1,0.11958079040050507
Nc1ccc2nc3ccc(O)cc3nc2c1.[Na]S[Na],0.05521251633763313
CC12CCC(C(Br)C1=O)C2(C)CS(=O)(=O)O,0.019961878657341003
Cc1cc2c(O)c(c1)COCc1cc(C)cc(c1O)COCc1cc(C)cc(c1O)COC2,0.0006759917014278471
CC(CC1C2CCCC1C2)=NNC(N)=O,0.0026799964252859354
COc1ccc(N2C(=O)C3c4[nH]c5ccc([N+](=O)[O-])cc5c4C4CCC(C(C)(C)C)CC4C3C2=O)cc1,0.0013990952866151929
CCSc1nc2n(c(=S)n1)CCN2C.I,4.0540289774071425e-06
NC(=O)c1ncn2c1CNC(=O)C2,0.00398644432425499
CC(=O)Nc1ccc(C=c2sc3nnc(CCC(=O)Nc4ccccc4Cl)n3c2=O)cc1,0.004073482938110828
CC(=O)CC1(OC(=O)C2C(C=C(C)C)C2(C)C)C(=O)Nc2ccccc21,0.0013053094735369086
CN(C)N1C(=O)SC(=Cc2ccc([N+](=O)[O-])cc2)C1=O,1.366802734992234e-05
CC(C)CC(=O)[OH+][Co-4](N)(N)(N)(N)N.[O-][Cl+3]([O-])([O-])O,0.0
CCCCN(CCCC)[Cr](C#[O+])(C#[O+])(C#[O+])(C#[O+])C#[O+],0.0
CCN(CC)c1oc(N(CC)CC)c(C(=O)Nc2ccccn2)c(=O)c1C(C)=O,8.561654976801947e-05
CCOC(=O)c1c(O)cc(O)nc1N1CCOCC1,0.0005793831078335643
Sc1nc(S)c2nc[nH]c2n1,0.006415427662432194
CCCC[Sn]1(CCCC)OCC(C[Sn](c2ccccc2)(c2ccccc2)c2ccccc2)O1,1.1861252499819204e-16
CN(N=Cc1cccc2cccnc12)c1ccccc1,3.991195990238339e-05
COc1cc(-c2cc(=O)c3cc4c(=O)cc(-c5cc(OC)c(OC)c(OC)c5)oc4cc3o2)cc(OC)c1OC,0.018702618777751923
C=C1CN(S(=O)(=O)c2ccc(C)cc2)CCCN(Cc2ccncc2)CCCN(S(=O)(=O)c2ccc(C)cc2)C1.Cl,0.0035602429416030645
Cc1ccc(NC(=O)CCC(CC(=O)C(C)(C)C)=NNC(=O)C[N+](C)(C)C)cc1C.[Cl-],0.0008038733503781259
CCOC(=O)CCC(NC(=O)c1ccc(Oc2nc3ccccc3nc2-c2ccccc2)cc1)C(=O)OCC,0.03264641389250755
CN(CCc1ccccn1)C(=S)NN=Cc1ccccn1,0.00039785148692317307
COC(=O)C1=COC(O)C2CCCC12,0.009327501989901066
Nc1nc[n+](Cc2ccccc2CCO)c2[nH]cnc12,1.8027529222308658e-05
CCn1c(=O)c2c3ccc(OC)cc3[nH]c2c2ccc(OC)cc21,0.004385951906442642
COc1cc(Oc2nc3c(N)cc(C(F)(F)F)cc3nc2-c2ccccc2)cc(OC)c1OC,0.0006706920685246587
C=C1C(=O)OC2CC(C)C3(O)C=C(C(C)=O)C4(OC3CC12)C(=O)OC1CC(C)C(C=CC(C)=O)=CCC14,0.04406379163265228
CCCCC=CC(O)(C(=O)OC1CN2CCC1CC2)c1ccccc1,0.0010817039292305708
CC1(C)CC(=O)c2c(nc3c(ccc4ccccc43)c2-c2ccc(NC(=O)CCCCC(=O)Nc3ccc(-c4c5c(nc6c4ccc4ccccc46)CC(C)(C)CC5=O)cc3)cc2)C1,0.01560204103589058
CC12CCC3C(CCC4=CC(OC5OC(CO)C(O)C(O)C5O)CCC43C=O)C1(O)CCC2c1ccc(=O)oc1,0.02824917435646057
Cc1ccc(S(=O)(=O)SC(SCC(=O)c2ccc(Br)cc2)C(=O)c2ccc(Br)cc2)cc1,0.0010194298811256886
O=C(c1ccccc1)C1C(=O)c2ccccc2C1=O,0.0012320957612246275
NCCN(CCN)[N+](=O)[N-]O,1.255004235645174e-06
CCCCCCCCCCCCCCCCP(=O)(O)OP(=O)(O)OCC1OC(n2cnc3c(N)ncnc32)C(O)C1O.[NaH],0.006860209628939629
Cn1c2c(c3ccccc31)CCN(CCCN1CCN(c3cccc(Cl)c3)CC1)C2=O,0.0003285238053649664
CC1(c2ccccc2)Sc2ccccc2-n2cccc2C1=O,0.32031455636024475
O=C1CCCC1C(O)(C(F)(F)F)C(F)(F)F,0.005338888615369797
CC(=O)[OH+][Zn-3]12([OH+]C(C)=O)Oc3c(Cl)cc(Cl)cc3C=[N+]1[N-]C(c1ccncc1)=[O+]2,0.0
O=c1[nH]n(-c2ccccc2)c(=O)cc1Cl,0.0020522770937532187
COC(=O)CCC(=O)Nc1cc(C)ccc1C,0.0005658702575601637
N#CC1=C(N)N(c2ccccc2)C(=S)N2CCCCCCCC12,0.001220666104927659
Nc1nc(O)cc(NCCCO)n1,5.732846329919994e-05
CCN(CCO)C(=O)C1(c2ccccc2)CCCCC1,4.244545198162086e-05
CNc1ncnc2c1ncn2C1OC(CO)CC1F,0.019670145586133003
O=C1C2Nc3ccccc3SC2C(=O)N1c1ccccc1C(F)(F)F,0.0013797790743410587
CCOCc1cc(=O)c2c(O)cc3c(c2o1)CCC(C)(C)O3,0.1838953047990799
N#Cc1c(N)n(-c2cccc(C(=O)O)c2)c(=O)c2cc([N+](=O)[O-])ccc12,0.0006386245368048549
O=C(C(=Cn1c(=O)cc[nH]c1=S)C(=O)c1ccccc1)c1ccccc1,0.020529231056571007
N#CC12C(=N)CCC1C1CC2C2C3C=CC(C3)C12,0.0002801866503432393
O=C1CCC2(c3ccc(F)cc3)Nc3cc([N+](=O)[O-])ccc3N12,0.007643566466867924
O=C(O)C1=CNC(C(=O)O)=NN1.[NaH],0.00047391216503456235
CSc1nc(=O)c(C#N)c(-c2ccccc2)n1C1OC(COC(C)=O)C(OC(C)=O)C(OC(C)=O)C1OC(C)=O,0.012964173220098019
Cc1cccc2oc3c(c(=O)c12)CC(O)C(C)(C)O3,0.4468074440956116
COC(=O)C(=Cc1cc(OC)c(OC)c(OC)c1-c1cc2c(cc1C(C)=O)OCO2)C(=O)OC,0.014222987927496433
COC(=O)CC1c2ccccc2N2C(=O)Cc3c([nH]c4ccccc34)C12,0.004758602008223534
S=C(Nc1ccc(N=Nc2ccccc2)cc1)SCc1ccc2c(c1)OCO2,0.01115428563207388
CCCCN1C(=O)C2c3[nH]c4ccccc4c3C3CCCCC3C2C1=O.CCCCN1C(=O)C2c3[nH]c4ccccc4c3C3CCCCC3C2C1=O,0.005723854992538691
CC1=C(C(=O)NCCCN(CCO)CCO)CC(C(=O)NCCCN(CCO)CCO)=C(C)N1,0.04820433259010315
CC1=NN(C(=O)c2ccc([N+](=O)[O-])cc2)C(=O)C1N=Nc1ccccc1C(=O)O,5.0312854000367224e-05
CN1CCC2(CC1)OCCN2CCO,0.000840462336782366
CC12CCC(C(Br)C1=O)C2(C)CBr,0.04049476608633995
COC(=O)C(C#N)=CNC(=S)NNC(C)=O,0.0010816060239449143
Cc1cc(C)nc(NC(=O)Nc2cccc(C(F)(F)F)c2)c1,3.548037739165011e-06
O=C1C(=Cc2ccc(O)cc2)N=C(c2ccccc2)N1n1c(-c2ccccc2)nc2ccccc2c1=O,0.0013522162334993482
CC(C)(Oc1ccc(C=CC(=O)c2ccc(Cl)cc2)cc1)C(=O)Nc1c(Cl)cccc1Cl,0.005403808318078518
OCC1SC(n2cnc3c(O)ncnc32)C(O)C1O,0.0003938642330467701
CC(C)OP(=O)(OC(C)C)C(=N)NNc1ccc([N+](=O)[O-])cc1,0.051740072667598724
c1cc2sc1CSCCSCCSC2,8.804526885342057e-08
N#CC(=Cc1ccc2[nH]ccc2c1)C(=O)NCCCCNC(=O)C(C#N)=Cc1ccc2[nH]ccc2c1,0.0035420020576566458
CCC1OC(=O)C(C)C(OC2CC(C)(O)C(O)C(C)O2)C(C)C(O)C(C)(O)CC(C)C(=O)C(C)C(O)C1C,0.2013784945011139
Cc1nn(C)c2nc(=O)n(C)c(=O)c-2[n+]1[O-],3.7818856071680784e-05
C=C(Nc1ccc(OC)cc1OC)C(=O)Cc1cccc[n+]1[O-],0.004289787728339434
O=S(=O)(Nc1ccccc1)c1ccc(-c2c3ccc(n3)c(-c3ccc(S(=O)(=O)Nc4ccccc4)cc3)c3ccc([nH]3)c(-c3ccc(S(=O)(=O)Nc4ccccc4)cc3)c3ccc(n3)c(-c3ccc(S(=O)(=O)Nc4ccccc4)cc3)c3ccc2[nH]3)cc1,0.34521207213401794
CC(=O)OCC1OC(n2c(=S)[nH]c(-c3ccccc3)c(C#N)c2=O)C(OC(C)=O)C(OC(C)=O)C1OC(C)=O,0.027407918125391006
ON=C1COC(C(F)(F)F)(C(F)(F)F)C1,3.208564521628432e-05
O=c1cc[nH]c2ccc3nn[nH]c3c12,0.0007522774976678193
CCCN(CCC)C(=O)c1c(N2CCN(C)CC2)c2cccnc2n2c(C)cnc12,0.00016758976562414318
COC(=O)c1cc2cc(O)c(O)cc2cn1.Cl,0.004185957368463278
N#CC(=Cc1ccc(O)c(O)c1)C(N)=C(C#N)C#N,0.0005682738265022635
CCCCCCCCCCCCC(O)C1CCC(C(O)CCCCC(O)CCCCCC2CC(CC(C)=O)C(=O)O2)O1,0.012880021706223488
Cc1ccc(NC(=O)C(=O)C2NC(=S)NC2=O)c([N+](=O)[O-])c1,0.013146753422915936
COC(=O)C1CCCN1C(=O)C(Cc1cn(S(=O)(=O)c2ccc(C)cc2)cn1)NC(=O)OC(C)(C)C,0.028797587379813194
O=C1C(=Cc2ccc(O)cc2)CCc2ccc([N+](=O)[O-])cc21,0.0018729226430878043
O=C1C(c2cnc3ccccc3n2)=C(O)c2ccccc21,0.009968533180654049
O=C(c1nc2ccc(Cl)cc2nc1O)C(O)c1ccco1,0.00096939253853634
O=C(O)C(CS)NCc1c2ccccc2[n+]([O-])c2ccccc12,0.0004014299775008112
Cn1nc(NC(=O)c2cc(NC(=O)Nc3cc(C(=O)Nc4cc(C(=O)Nc5ccc6cc(S(=O)(=O)O)cc(S(=O)(=O)O)c6c5)n(C)n4)n(C)n3)nn2C)cc1C(=O)Nc1ccc2cc(S(=O)(=O)O)cc(S(=O)(=O)O)c2c1.[KH],0.34643927216529846
O=C(NCCCl)Nc1ccccn1,4.765116500493605e-06
CCCCC1SC2=NCCN2C1(O)c1ccc(Cl)cc1,0.0015457975678145885
CC1=CC(C(=O)O)P(C)(=O)C1,0.00025379631551913917
N#Cc1nnn(-c2ccccc2)c1O,0.008020293898880482
CC(=O)OCC1OC(n2c(C)c(C)c(C)c(C#N)c2=S)C(OC(C)=O)C(OC(C)=O)C1OC(C)=O,0.0039729168638587
CC(C)C(NC(=O)OC(C)(C)C)C(=O)N(C)C(Cc1ccccc1)C(=O)N(C)C(C(=O)N(C)C(C(=O)O)C(C)C)C(C)C,0.0007632758934050798
Cc1cccc(NC(=O)Nc2cccc(Cl)c2Cl)n1,0.011422742158174515
COC(=O)C(Cc1ccccc1)NS(=O)(=O)c1ccc(-c2c3ccc(n3)c(-c3ccc(S(=O)(=O)NC(Cc4ccccc4)C(=O)OC)cc3)c3ccc([nH]3)c(-c3ccc(S(=O)(=O)NC(Cc4ccccc4)C(=O)OC)cc3)c3ccc(n3)c(-c3ccc(S(=O)(=O)NC(Cc4ccccc4)C(=O)OC)cc3)c3ccc2[nH]3)cc1,0.012999395839869976
O=C1C=C(Nc2ccc(Cl)cc2Cl)c2ccccc2C1=O,0.005731021054089069
CN1CCN(c2cc3c(cc2F)c(=O)c(C(=O)O)cn3C2CC2)CC1CC#N,0.004300436936318874
CCOC(=O)c1oc2cc(O)cc(O)c2c(=O)c1-c1ccc(OC)cc1,0.012271998450160027
N=C(NC(=S)N1CCCCC1)N1CCCCC1,0.0019097549375146627
COC(=O)CNC(=O)CNC(=O)CSc1nnc(COc2ccc(Cl)cc2)n1-c1ccccc1,0.009574969299137592
COc1cc2ccn3c4cc(OC)c(OC)cc4cc3c2cc1OC,0.0009121434995904565
CC(C)=CCCC(C)=CCC12OC(C)(C)C(Cl)CC1(Cl)C(=O)c1c(O)cc(O)cc1C2=O.[NaH],0.19600729644298553
COc1cc2c(cc1OC)C1C3CCCCC3CCN1CC2.Cl,0.000889170914888382
O=c1c2cncnc2sc2nccn12,0.002771894447505474
Cn1c(=O)c2nccnc2n(C)c1=O,0.0007317540002986789
CC(C)c1cccc(C(C)C)c1NC(=O)CCC(=O)NN,3.697076317621395e-05
NCCC(N)CSP(=O)(O)O,2.9214563213031397e-08
C[N+]1=[O+][Cu-5]2345[O+]=[N+](C)[N-]N2c2ccccc2[S+]3CC[S+]4c2ccccc2N5[N-]1,5.341549922377453e-07
COc1c2c(cc3c(CCc4ccccc4)cc(=O)oc13)CCC(C)(C)O2,0.01856081746518612
N#CC(NNC(=O)c1ccccc1O)c1ccccc1,0.0009802314452826977
S=C(Cc1ccc2c(c1)Sc1ccccc1O2)N1CCOCC1,0.04173833504319191
CC(C)=CCCC(C)C1=CC(=O)C(C)=C(O)C1=O,0.011920733377337456
CCOC(=O)Cn1nc2oc(=O)c(CCN3CCN(c4ccccc4OC)CC3)c(C)c2c1C,0.002041713334619999
CC(=O)Nc1ccc(-c2nnc(SCC(=O)Nc3ccc(C)cc3)o2)cc1,0.002601582556962967
COc1cc2c(cc1OC)-c1[nH]c(=N)sc1CC2,0.031165627762675285
COc1cccc2c1cc([N+](=O)[O-])c1c(C(=O)O)cc3c(c12)OCO3,0.0022077637258917093
N#CC(C(N)=O)C(CC(=O)c1ccccc1)c1ccccc1,0.0003750256437342614
CN1COc2ccc(Br)cc2C1,8.592519407102372e-06
C1CSCCSCCCSCCSCCCSCCSC1,4.594848945771446e-09
O=C1C(=Cc2cccc(Cl)c2)Cc2ccccc21,0.00047382607590407133
CC(=O)OC1CCn2c1nc1cc([N+](=O)[O-])c(C)cc12,0.08714164793491364
CC1COC(c2cn[nH]c2C(N)=O)C1O,0.016065437346696854
CN1CCOC1(C)c1ccccc1O,0.016846446320414543
COc1cc(-c2ccc(N=Nc3cc4cc(S(=O)(=O)O)ccc4cc3O)c(OC)c2)ccc1N=Nc1cc2cc(S(=O)(=O)O)ccc2cc1O.[NaH],0.6547858119010925
CCN(N=C1CC2C=CCN(C2)C(=O)Cc2c1[nH]c1ccccc21)S(=O)(=O)c1ccc(C)cc1,0.014848903752863407
Cc1nc2cccc3nc(NCCCN(C)C)nc(n1)-n-2-3,0.011325345374643803
Cc1nc2ccc(S(=O)(=O)NS(=O)(=O)c3ccc(-c4ccccc4)cc3)cc2c(=O)n1NS(=O)(=O)c1ccc(-c2ccccc2)cc1,0.0030571860261261463
COC(=O)C(C(=O)C(=O)Nc1cccc(C)c1)c1[nH]c(=N)s[s+]1,0.01035025529563427
O=S(=O)(c1ccc(NC2=NC(c3ccc(O)cc3)(c3ccccc3O)c3ccccc32)cc1)c1ccc(NC2=NC(c3ccc(O)cc3)(c3ccccc3O)c3ccccc32)cc1,0.3163667321205139
N#CC(=Cc1cc(Cl)cc(Cl)c1)c1ccccn1,0.00040894406265579164
CCOP(=O)(OCC)OC(C#N)c1ccc(-c2ccccc2)cc1,0.010052896104753017
CCc1cc2c(cc1C(=O)CCC(=O)O)CC1(C2)Cc2cc(CC)c(C(=O)CCC(=O)O)cc2C1,6.0714191931765527e-05
O=S(=O)(O)CN(CCN(CS(=O)(=O)O)CS(=O)(=O)O)CS(=O)(=O)O,1.881234652501007e-06
O=S(Nc1ccccc1)c1ccc(Cl)c(Cl)c1,0.011062839068472385
CC#[N+][Rh+2]1234[O+]=C5OCC(C(=O)OC)[NH+]5[Rh+2]1([N+]#CC)([O+]=C1OCC(C(=O)OC)[NH+]12)([O+]=C1OCC(C(=O)OC)[NH+]13)[NH+]1C(=[O+]4)OCC1C(=O)OC,0.0
CSc1ccc(-c2cn3ccsc3n2)c(O)c1,0.011194206774234772
COC(=O)C(Cl)=C1CC1,0.07634691894054413
CN(C)COC(=S)SSSC(=S)OCN(C)C,0.005308905150741339
CC(C)C(Cl)=NOC(=O)Nc1ccc(F)cc1F,0.0005957913235761225
Oc1ccccc1C1=N[N+]2=Cc3cccc[n+]3[Ni-4]234([OH+]1)[OH+]C(c1ccccc1O)=N[N+]3=Cc1cccc[n+]14,3.3496835793991686e-23
O=C(O)CN1C(=O)CN=C(c2ccccn2)c2cc(Cl)ccc21,0.025927811861038208
Clc1ccccc1CN1COc2c(ccc3cccnc23)C1,0.0005884203128516674
CCOc1ccc(NC(=S)NC=C(C(C)=O)C(=O)Nc2ccccc2C)cc1,0.00122748629655689
CCN(CC)Cc1cc(Nc2ccnc3ccc4nn(C)nc4c23)ccc1O.Cl,0.01014544628560543
CN1C(=O)N=C(Nc2nc(Cc3ccc4c(c3)OCO4)cn2C)C1=O,0.00011098825780209154
CC(=O)Nc1ccccc1S(=O)c1ccccc1,0.1889496147632599
CCC(=O)N(O)C(C)(C)C,2.7040070563089103e-05
Cc1nc(C(N)=S)sc1C(=O)CC(=NN)C(=O)Nc1ccc(Cl)cc1,0.00027387880254536867
Cc1cc2c(cc1C)[n+]([O-])c(C(=O)CC(=O)C(=O)Nc1ccccc1C(C)C)c(C)[n+]2[O-],0.00046440536971203983
CCOC(=O)c1ccc(C(C)=NNC(N)=S)cc1,0.0007410968537442386
CC1=CC(C)(C)NC(=S)N1c1ccccc1O,0.02192440815269947
Cc1cc(O)nc(NN2C(Cl)C(=O)C2c2ccc([N+](=O)[O-])cc2)n1,0.0001884011144284159
N=c1[nH]c(=N)n2c(=N)[nH]c(=N)n12,0.04765186458826065
c1ccc(N2N=NC3C4CC(C5CCCC54)C32)cc1,0.0008556751417927444
CC1=NC(=Cc2ccc(N(C)C)cc2)C(=O)O1,5.4465570428874344e-05
C=C(C)CCC1[CH-][N+](=O)OC(C)(C)C1(C)C,0.027225568890571594
CN(C(=O)C12C3C4C5C3C1(C(=O)C13C6C7C8C6C1C8C73)C5C42)C(C)(C)C,5.178694095775427e-07
Cc1nn(-c2ccccc2)c(=O)n2c1nc1ccccc12,0.00713100703433156
CC(CC(=O)Nc1cccc([N+](=O)[O-])c1)=NNC(N)=S,0.0003584195510484278
CCOC(=O)CCC(NC(=O)c1ccc(NC(OC)c2nc3cc(C(F)(F)F)ccc3nc2-c2ccccc2)cc1)C(=O)OCC,0.00306247198022902
C=C1C(C2(C)C=CC(=O)OC3(C)COC(=O)CC32)C(OC=O)C(OC(=O)C(O)C(C)CC)C2(C)C(c3ccoc3)CC(OC(C)=O)C12O,0.23440037667751312
O=c1[nH]c2cccnc2c(=O)n1O,0.005580910015851259
N#CC(=Cc1ccc2ccccc2c1)C(=O)c1ccccc1,0.00010190864850301296
O=C(O)c1nn[nH]c1Cl,2.6125712793145794e-06
N#CCCN(CCC#N)c1ccc(C=C2N=C(COc3ccccc3)N(c3ccc(Cl)cc3)C2=O)cc1,0.000619616883341223
CC(=O)ONc1nn2cc(-c3ccccc3)nc2s1,0.0005457104998640716
N#CC(C(=NNC(=O)C(=O)NN)C(=O)NC12CC3CC(CC(C3)C1)C2)c1ccccc1,0.0009853222873061895
C1OCN2c3nonc3N3COCN4c5nonc5N1C2C43,0.0009177907486446202
COc1cc(CNC(=O)CCCCCCCCCCSC#N)ccc1O,0.0055455053225159645
c1ccc(-c2csc3[n+]2CCN3)cc1,0.0014820892829447985
CC(=O)N(C(C)=O)C1=C2c3ccccc3N(S(=O)(=O)c3ccccc3)C2n2c(=O)n(-c3ccccc3)c(=O)n2C1,0.005560369696468115
CCOC(=O)C1C2NC(=O)NC1(C)Oc1ccccc12,0.0005943368887528777
CC(=O)N1C(=O)C2(NCCCN2)c2ccccc21,0.0006667366251349449
CC(=O)OCC1OC(Sc2nc(-c3ccc(Cl)cc3)c(C#N)c(=O)n2C2OC(COC(C)=O)C(OC(C)=O)C(OC(C)=O)C2OC(C)=O)C(OC(C)=O)C(OC(C)=O)C1OC(C)=O,0.012940417043864727
O=C(O)CCCCSCCCCC(=O)O,0.0010109309805557132
N#CC(=Cc1cc(O)c(O)c(I)c1)C(=O)NCCCc1ccccc1,0.004098101519048214
N#CC(C#N)=C1SCC(=O)CS1,2.691705958568491e-06
CC(C)C1=CC2=CC(O)C3C(C)(C)CCCC3(C)C2=C(O)C1=O,0.0021235814783722162
COC(=O)CCC(NC(=O)OC(C)(C)C)C(=O)NC(Cc1ccc(NC(=O)CCCC(C)=O)cc1)C(=O)NC(CCC(=O)OC)C(=O)OC,0.005843862891197205
CC(=O)N(C)c1ccc(C=C2C=Cc3ccccc32)cc1,0.0002169697982026264
O=C1C(=O)N(c2cccc(C(F)(F)F)c2)C(=O)C(=O)C1c1nc2ccccc2s1,2.0786954337381758e-05
COc1ccc(Cc2nnc(C)c3c(C)n[nH]c23)cc1,0.0002518793917261064
NC(=O)C(=O)NN=C(CC1(O)C(=O)Nc2ccccc21)c1ccc2ccccc2c1,0.00021285830007400364
COC12CC3CCC(C(C)c4ccc5c(c41)CC1C5CC(O)C4CC(O)CCC41C)N2C3,0.005808708257973194
COc1ccc(CNc2nc3ccc(C(F)(F)F)cc3nc2-c2ccccc2)cc1OC,0.0006911280215717852
O=c1c2ccccc2nc(-c2ccccc2)n1NC(=S)Nc1cccc(Cl)c1,0.00397819047793746
COc1cc2c(cc1OCCCN1C(=O)c3cccc4cccc(c34)C1=O)N=CC1CCCN1C2=O,0.0024620159529149532
Cc1ccc(SCC(CF)OC(C)n2cnc3c(O)nc(N)nc32)cc1,0.05373818427324295
Cn1c2c(c3ccccc31)C1C(=O)N(c3ccccc3)C(=O)C1CC2,0.0007231267518363893
Cc1nc(-c2ccc([N+](=O)[O-])cc2)cn2c1nc1ccccc12,0.001135667902417481
O=C1COC(C(=O)c2ccccc2)C(=O)N1,0.0026271536480635405
COc1ccccc1NC(=O)C1=C(C)NC(C)=C(C(=O)Nc2ccccc2OC)C1c1ccc([N+](=O)[O-])cc1,0.0037569303531199694
CC=C1C2C=C(C)CC1(N)c1ccc(O)nc1C2O,0.00014383859524969012
Cc1cc2c(cc1Cl)SC(NNC(=O)c1ccncc1)=NS2(=O)=O,0.0065169245935976505
O=[N+]([O-])c1ccc(N=CC=CNc2ccc([N+](=O)[O-])cc2)cc1,0.0014648520154878497
C=C(O)c1ccccc1C#Cc1ccccc1C(=O)OC,0.056234460324048996
CC(=O)OC1CCC2C3CCC4Nc5[nH]ncc5CC4(C)C3CCC12C,0.05047823116183281
COc1ccc(NC(=O)CC2SC(Nc3ccc(Cl)cc3C)=NC2=O)c([N+](=O)[O-])c1,0.01815655454993248
CSc1c(C#N)c(=O)n(N)c2[nH]nc(C)c12,0.0002481967385392636
Oc1nc2cc(Cl)ccc2nc1C(=NNc1ccccc1)C(O)c1ccc(Cl)c(Cl)c1,0.0003629690909292549
CC(=O)OCCOCN1C(=O)NC(=O)C(=Cc2cccc(OCc3ccccc3)c2)C1=O,0.01742212288081646
CC(C(=O)COCc1ccccc1)P1(=O)OC(C)(C)CN1C(C)(C)C,0.00794249027967453
COC(=O)c1sc(C(=O)OC)c2c1CS(=O)C2,0.047170404344797134
N#Cc1nc2ccccc2nc1N1CCN(c2ccc([N+](=O)[O-])cc2)CC1,0.0005430836463347077
O=C(Nc1cc2c(oc1=O)CCCCC2)c1cnccn1,0.0016381924506276846
CCCCCCCCCCCCOC(=N)N1CCOCC1,0.00010108549759024754
Cc1cc2c(cc1C)C(=O)C1(C2)Cc2cc3c(cc2C1=O)CCC3,0.00012263200187589973
COc1cccc(C2=NC(C(C)C)CO2)c1,0.016414405778050423
CC(c1ccc2c(c1)CCC1C2CC2OC23CC=CC(=O)C13C)C1CC2(C)OC2(C)C(O)O1,0.025893650949001312
COc1ccc(C(=O)C(c2ccc(OC)cc2)C2C(=O)Oc3ccccc32)cc1,0.0012611630372703075
O=C(O)c1cc(O)cc(O)c1N=Nc1ccc(C=Cc2ccc(N=Nc3c(O)cc(O)cc3C(=O)O)cc2)cc1.[NaH],0.19161827862262726
Clc1ccc(Cl)c(-c2csc(-c3cccnc3)n2)c1,0.00033866011654026806
N#Cc1nc(Nc2ccc([N+](=O)[O-])cc2)sc1N,0.0014065384166315198
CC(=O)Nc1cc2c(cc1[N+](=O)[O-])-c1cc([N+](=O)[O-])c(NC(C)=O)cc1C2=O,0.004630317911505699
CN(C)c1nc2no[nH]c-2nc1=Nc1ccccc1,3.987589298048988e-05
Cc1cccc(-c2nc(-c3cnccn3)n(Cc3ccccc3)n2)c1,0.02491520158946514
O=C1CCCN1CO,0.0029122696723788977
S=c1[nH]nc(Nc2ccc(Cl)cc2)s1,0.0017927257576957345
Oc1ccccc1C=NN=Cc1ccccc1O,0.08009663224220276
CN1C(=CC=CC=CC=C2C(=O)c3ccccc3C2=O)C(C)(C)c2ccccc21,0.00016357837012037635
CC(=O)c1cccc(NC2C(N)C(NC(=O)N(C)C)(C(C)O)C(C)(O)C2(O)COC(=O)c2c(C)cccc2O)c1,0.006051679607480764
CSCCCNC(=O)c1csc(C(CSC)NC(=O)CCNC(=O)C(NC(=O)OCC(Br)(Br)Br)C(C)O)n1,0.0003112237900495529
N#CC(NNC(=O)c1ccccc1O)c1cccc(O)c1,0.003015290480107069
Cc1ccc(S(=O)(=O)O)cc1.N=C(NO)NN=Cc1cc2c(cc1Cl)OCO2,0.0021462985314428806
OCC1CC#CC=CC#CCC1CO,0.010447738692164421
CCCCCCCCCC(=O)OCC1OC(n2cc(F)c(=O)[nH]c2=O)C(N)C(OC(=O)CCCCCCCCC)C1O,0.07442399859428406
COc1ccc(C2C=C(c3ccc(C)cc3)N(c3ccc(OC)cc3[N+](=O)[O-])C3C(=O)OC(=O)C23)c(OC)c1,0.003929173108190298
CN1C(=O)C(=c2sc3nc4ccccc4n3c2=O)c2ccccc21,0.0035534072667360306
CCC=NNC(=N)N.O=P(O)(O)O,0.00021168201055843383
CC1Cc2c(N)nc(N3CCOCC3)nc2NC1=O,0.0011965482262894511
COc1cc2c(cc1O)C1(Cc3ccc4c(c3C1O)OCO4)N(C)CC2,0.006382660940289497
CC(CN(C)C)OCCn1c2c(c3ccccc31)CCCC2,0.015072041191160679
O=C(O)C1CCCN1C(=O)c1ccccn1,0.0031273660715669394
CCOC(=O)c1ccc(CS(=O)(=O)c2ccc([N+](=O)[O-])cc2)c([N+](=O)[O-])c1,0.000957876443862915
c1ccc2cc3c(NC4=NCCO4)cccc3cc2c1,0.0002439849340589717
NC(Cc1ccc(OCc2ccccc2)cn1)C(=O)O,1.0572809514997061e-05
CCCCCC(=O)Cc1cc(O)cc2c1C(=O)Oc1cc(O)c(C(=O)O)c(CCCCC)c1O2,0.01900605857372284
COC(=O)C(C(=O)C(=O)Nc1ccc(N)cc1[N+](=O)[O-])c1nc2ccc(Cl)cc2nc1O,0.00380468787625432
O=C(NNC(=O)c1cc2ccccc2[nH]1)c1cc2ccccc2[nH]1,0.0002012289041886106
Cc1cccc2c1C(=O)C1(Cc3ccccc3C1=O)C2,0.002005987334996462
Cc1ccc(=O)n(Cc2ccccc2)n1,0.003960249479860067
C=C1c2nc3ccccc3n2C=C(c2ccccc2)N1c1ccccc1,0.0013541590888053179
CN(N=Cc1cccc2cccnc12)c1ccc(Cl)cc1[N+](=O)[O-],0.0001922661904245615
Cc1nnc(NN=C(C(=O)C(C#N)c2ccc(Cl)cc2)C(C#N)c2ccc(Cl)cc2)n1N,3.388031109352596e-05
O=[N+]([O-])c1ccc(C2=Cc3ccc4ccccc4[n+]3[N-]C2)cc1,0.00023883869289420545
CCOC(=O)NC(C(C(=O)OCC)C(=O)OCC)(C(F)(F)F)C(F)(F)F,0.004083240404725075
N#CC(=C1SCC(=O)N1c1ccccc1)c1nc2ccccc2[nH]1,0.009344013407826424
O=c1[nH][nH]c(=O)n1Cc1cccc(Cn2c(=O)[nH][nH]c2=O)c1,0.033680833876132965
COC(=O)C1=COC2OC3C(C(C)O)C(=O)OC34C=CC1C24,0.012826616875827312
O=C(NNc1nc(-c2ccccc2)cs1)Nc1ccccc1,0.00016617753135506064
Cn1cc(S(=O)(=O)NC(=O)Nc2ccc(Cl)cc2)c(=O)c2ccc(Cl)cc21,0.004686444066464901
O=C1C(=O)N(C(=O)c2ccc(Cl)c(Cl)c2)c2ccccc21,0.00033153800177387893
O=S(=O)(NC(c1ccccc1)(c1cc2ccccc2[nH]1)c1cc2ccccc2n1S(=O)(=O)c1ccccc1)c1ccccc1,0.005176519509404898
NC(=O)c1nnc2ccc(F)cc2c1N,0.0009046954219229519
O=C(O)c1cscc1Cc1cccs1,8.959190017776564e-05
O=S(=O)(NN=C1CC2CCC1C2)c1ccccc1,0.045877646654844284
CC1=CC(C)(C)NC(=S)N1CCO,0.000147678263601847
COC(=O)C1(C)CCc2c(OC)ccc(OC)c2C1=O,0.009010889567434788
CCOS(=NS(=O)(=O)c1ccccc1)c1ccccc1[N+](=O)[O-],0.027383070439100266
O=C(O)c1cc(C(=O)Nc2ccc(C3=NCCN3)cc2)c(C(=O)O)cc1C(=O)Nc1ccc(C2=NCCN2)cc1,0.7145506143569946
Cc1nccc2c(C(=O)O)c(C(=O)O)[nH]c12,0.00029146589804440737
CN(C)C(=O)c1ccc(N=Nc2c(O)nc3ccccc3c2O)cc1,0.0003798053949140012
F[PH]1(F)N(c2ccccc2)[PH](F)(F)[Cr]123([PH](F)(F)N(c1ccccc1)[PH]2(F)F)[PH](F)(F)N(c1ccccc1)[PH]3(F)F,0.0
N=C(CSS(=O)(=O)O)NCCc1ccccn1,0.00011251367686782032
O=C(CNc1nccs1)Nn1cnc2ccc(S(=O)(=O)Nc3nccs3)cc2c1=O,0.0017119909171015024
OCCOc1ccc(-c2cc(-c3ccccn3)nc(-c3ccccn3)c2)cc1,0.010060714557766914
C=C(CS(=O)(=O)c1ccccc1)[P+](c1ccccc1)(c1ccccc1)c1ccccc1.[I-],7.182030259400562e-08
CCN1CC2(COC)CCC(O)C34C5CC6C(OC)CC(OC(C)=O)(C5C6OC(C)=O)C(C(OC)C23)C14,0.0005514721851795912
O=C(CC1(O)C(=O)Nc2ccc(Br)cc21)c1ccc(Cl)cc1,8.611882367404178e-05
O=C(O)CN(CC(=O)O)Cc1cc(C#Cc2ccc(C#Cc3ccccc3)cc2)cc(CN(CC(=O)O)CC(=O)O)n1,0.009597928263247013
N#Cc1nc(-c2cnccn2)oc1N,0.01570870727300644
Cc1ccc(S(=O)(=O)NC(=N)N(C)N=O)cc1,0.00014405546244233847
CC(=O)c1ccc(NC(=O)CSc2nc(C)nc3c2sc(=S)n3-c2ccccc2)cc1,0.0016621786635369062
CCN(CC)CCCNc1ncnc2c1C(c1ccccc1)c1ccccc1-2,0.005262784194201231
COc1ccc(C(OCC2OC(n3ccc(NC(=O)c4ccccc4)nc3=O)CC2OP2(=S)SCCS2)(c2ccccc2)c2ccc(OC)cc2)cc1,0.02764824591577053
O=C1CCC2(c3ccc(Cl)cc3)Nc3cc([N+](=O)[O-])ccc3N12,0.004479886963963509
COC(=O)C([Se]c1c(C)cc(C)cc1C)=C([Se]c1c(C)cc(C)cc1C)C(=O)OC,0.001831347937695682
CCC12CCCN(Cc3ccccc3)C1c1c(n(C)c3ccccc13)C(C(=O)OC)C2,0.0011531519703567028
CC1=CC(C)(C)SC(SSSC2=NC(C)=CC(C)(C)S2)=N1,1.2751025678880978e-05
CCOCc1c(C)cc(C)c(C2C(C(=O)c3ccccc3)N3c4ccccc4C=CC3C2(C#N)C(=O)OCC)c1C,0.0004134833870921284
O=C(CSc1nc(-c2ccccc2)c(-c2ccccc2)[nH]1)NN=Cc1ccc(Cl)cc1,0.0005432101897895336
O=C(O)C1(Cc2ccc3c(c2)CCC3)Cc2ccccc2C1,2.8198505788168404e-06
Cn1nc(-c2ccccc2)c(C(=O)C=Cc2ccc(F)cc2)c(N2CCOCC2)c1=O,0.0003215996257495135
Cl.O=[N+]([O-])c1cccc2nc3ccccc3c(NCCc3ccccn3)c12,0.0002637334691826254
COc1ccc(C(C)NNC(=O)c2ccncc2)cc1F,0.00010862932685995474
Cc1ccccc1[PH](Cc1ccccc1)(c1ccccc1)c1ccccc1C,1.584635835502413e-36
CCN(CC)c1ccc(N=Nc2ccc(-c3nc4ccc[n+](C)c4s3)cc2)cc1.[I-],0.0010430918773636222
Cc1cc(N(CCC#N)CCC#N)ccc1C(N=Nc1ccccc1)=NNC(=O)c1cc(Cl)ccc1O,0.0017207445343956351
O=NN(CCCl)C(=O)NC1CCCCC1,5.371860879677115e-06
NS(=O)(=O)c1ccc(Nc2c3ccccc3nc3c(C(=O)NC(CO)(CO)CO)cccc23)cc1,0.006514878012239933
CC1CCc2[nH]nc(CC3CC(=O)NC(=O)C3)c2C1,0.02910221926867962
Nc1nc(O)cc(Nc2cc(F)c(Cl)c(F)c2)n1,0.00039960737922228873
BrC1=C(Br)C2(SCCS2)C2CC1c1ccccc12,5.364094613469206e-05
CCOC(=O)C(=CNC(=S)Nc1ccccc1)C(=O)OCC,0.01044386811554432
Cc1ccccc1C1OC(=O)c2ccc3ccccc3c21,0.0006316382205113769
CCOC(=O)c1ccc(CS(=O)(=O)c2ccccc2)cc1,0.0033838795498013496
CC(C)C(NCc1c2ccccc2[n+]([O-])c2ccccc12)C(=O)O,0.0007539126672782004
O=C(Nc1ccccc1)OCCN=C1c2ccccc2CCc2ccccc21,0.0001274546084459871
O=c1[nH]c2ccccc2n1C1CCN(CCOc2ccccc2)CC1,0.008632968179881573
Cc1cc2c(cc1-c1cc3c(cc1C)C(C(C)C)=C(O)C(=O)C3=CNc1ccccn1)C(=CNc1ccccn1)C(=O)C(O)=C2C(C)C,0.006183634977787733
CCCc1cc(=O)oc2c3c(cc(OC(C)COC)c12)OC(C)C(C)C3O,0.46092742681503296
Nc1ccc2ccccc2c1N=Nc1ccc(C=Cc2ccc(N=Nc3c(N)ccc4ccccc34)cc2S(=O)(=O)O)c(S(=O)(=O)O)c1,0.9063065052032471
Cc1cc(Cl)ccc1N1C(=O)C(=O)C(c2nc3ccccc3o2)C(=O)C1=O,0.0026005138643085957
COC(=O)C1=CC2CC1C(S(=O)(=O)c1ccccc1)C2S(=O)(=O)c1ccccc1,0.018732445314526558
Cc1ccc2c(c1)[nH]c(=S)n2C=C(C(N)=O)C(N)=O,0.008911964483559132
NNc1nnc(CCCCCCCCc2nnc(NN)n2N)n1N,0.0016786123160272837
CCN(CC)C(=O)c1cccc2cccc(OC)c12,0.00027852284256368876
CC(C)C1COC(c2cccc(C3=NC(C(C)C)CO3)n2)=N1,0.16030168533325195
CC1CC(c2ccc([N+](=O)[O-])cc2)=Nc2ccccc2S1,0.0005902196862734854
COc1ccc(C=C2SC(=S)N(C=C3C(=O)N(c4ccccc4)N=C3C)C2=O)cc1OC,0.0004708309134002775
Cc1ccc2oc(=O)c(C(=O)Nc3nc(C45CC6CC(CC(C6)C4)C5)cs3)cc2c1,0.038830745965242386
CC(CCC(O)C(C)(C)O)C1C(O)CC2(C)C3CC(O)C4C(C)(C)C(OC5OC(CO)C(O)C(O)C5O)CCC45CC35CCC12C,0.05953727662563324
CCOC(=O)CC1(c2ccccc2)OC(=O)c2ccccc21,0.0035232962109148502
CC1(C)CCCC(C)(C2CCC3(C)C2C(O)CC2C4(C)CCC(O)C(C)(C)C4C(O)CC23C)O1,0.0010345421032980084
CC(=O)Oc1ccc(-c2cc3ccc(OC(C)=O)cc3oc2=O)cc1,0.031831108033657074
CCOC(=O)C(C(=N)C(=N)C(C(=O)O)C(=O)OCC)C(=O)O,0.0008701215265318751
COC(=NN1CC1C(F)(F)F)c1ccncc1,0.00033954865648411214
CC(C)CCCC(C)C1CCC2C3CCC(=O)C(C)(CCCNCCO)C3CCC12C,0.008958450518548489
CCN(CC)c1ccc2c(c1)N=C1N=CC=CN1C2(c1ccc(N(C)C)cc1)c1ccc(N(C)C)cc1,3.5031534935114905e-05
CC(O[Si](C)(C)C(C)(C)C)C(NC(=O)OCC(Cl)(Cl)Cl)C(=O)O,2.1121650842182912e-14
O=C1NC(N2CCOCC2)=NC1=Cc1ccc(O)cc1,0.0025830359663814306
O=C1Nc2cc([N+](=O)[O-])ccc2C(=O)N2CCCC12,0.03383414074778557
CN.CNC(=O)C(C(=O)NC)n1cnc(C(=O)OC)c1O,2.503214818716515e-05
Cc1cc(S(=O)(=O)Nc2nnc3cc(C(F)(F)F)cc(C)n23)c(S)cc1Cl,0.006546408869326115
O=C1C2CCSCN2C(=O)N1c1ccccc1,0.0055049932561814785
CN1C(=O)C[N+]([O-])=C(c2ccccc2)c2cc(Cl)ccc21,0.00023699698795098811
CCCCCCC(c1cc(Cl)c(OC)c(C(=O)OC)c1)c1cc(Cl)c(OC)c(C(=O)OC)c1,0.20362132787704468
COc1ccc(C=c2c(=O)[nH]c3nc4ccccc4c(=O)n23)cc1,0.0030093060340732336
Cc1cc(-c2cccs2)oc(=O)c1NC(=O)c1ccccc1,0.005380462855100632
Br.CC12CC(c3ccccc3O1)N1Cc3ccccc3CSC1=N2,0.0004953685565851629
O=C1OC(C=Cc2ccccc2)C(=O)C1=O,0.002900595311075449
CC(=CCNc1ncnc2c1ncn2CCC(=O)O)CO,0.00012770631292369217
CC(=O)OCC(OC(C)=O)C(OC(C)=O)C1OC(C)(C)OC1C1SCCCS1,0.0010113466996699572
CCOC(=O)C1(C#N)C(=O)c2cc[n+](CC[n+]3ccc4c(c3)C(=O)C(C#N)(C(=O)OCC)C4=O)cc2C1=O.[Br-],0.0009794776560738683
Nc1c(Br)cc(-c2cc(Br)c(N)c(Br)c2)cc1Br,0.000280495616607368
CSc1nc(C)c2c(n1)N(c1ccc(Cl)cc1)CC2,0.0006820805137977004
OCCNC1=Nc2ccc(Cl)cc2C(=S)N2CSCC12,0.0037819130811840296
C=CCC(C=CCC)(C(=O)O)C(=O)O,3.1117901926336344e-06
CC(C)C1NC(=O)c2ccccc2S1,0.08724460005760193
COc1ccccc1C=C(NC(=O)c1ccccc1)c1nc2ccccc2[nH]1,0.002550434321165085
CC(C)c1cc(C(C)C)c(B(c2ccccc2)c2ccccc2)c(C(C)C)c1Br,0.00017175995162688196
Cc1nc(O)c2ncn(CCO)c2n1,1.8184968212153763e-05
CCCCCCN(C(=O)Oc1ccccc1)C(C#N)c1ccccc1,0.00024652224965393543
CCC[Sn](CCC)(OC(=O)Cc1ccc(F)cc1)O[Sn](CCC)(CCC)OC(=O)Cc1ccc(F)cc1,8.486913616644079e-18
Cn1c(=O)c2ncnnc2n(C)c1=O,8.213497494580224e-05
CN(C)c1cc[n+](C2C(=O)c3ccccc3N(c3ccccc3)C2=O)cc1,0.0003891801170539111
COc1cc(C=CC(=NNC(N)=S)c2sc(NNC(C)=O)nc2C)ccc1O,0.0004662247665692121
N#CC1(C#N)C2C=CC(C3CCC=C32)C1(C#N)C#N,1.9879320412030665e-09
Cc1nc2c(=O)n(C)c(=O)nc-2n(CCO)c1C,8.353872544830665e-05
COc1ccc(Cc2nnc(Nc3ccc(Br)cc3)nc2O)cc1OC,0.002494263695552945
COc1ccc(OC)c(NCC(=O)Nn2cnc3ccc(S(=O)(=O)Nc4cc(OC)ccc4OC)cc3c2=O)c1,0.02124543860554695
CCn1c2ccccc2c2cc(N=Nc3ccc(C#N)cc3)ccc21,0.0008479105890728533
O=C(O)CSc1nnc(COc2ccc(Cl)cc2)n1-c1ccccc1,0.0006659148493781686
CC(C)C1CNC(=O)C2(CCCO2)CNC(C(C)C)CNC(=O)C2(CCCO2)CN1,0.212721049785614
O=[N+]([O-])C(=C(Nc1ccccc1)Nc1ccccc1)C(Cl)=C(Cl)Cl,2.067677087325137e-06
CC(C)c1ccccc1NC(=O)C(=O)Cc1nc2ccccc2s1,0.013311048038303852
CN1CCCCCCC1CO,0.0005198761355131865
CCCCOC(=O)CSSCC(=O)OCCCC,0.003203274914994836
CCOC(=O)c1c(NS(=O)(=O)c2ccc(C)cc2)sc2c1CCCC2,0.04198925569653511
O=C1c2cccnc2S(=O)(=O)N1c1ccc(Oc2ccccc2)cc1,0.03140478581190109
CN1C(=O)c2cnc3ccccc3c2C1(O)c1ccccc1,0.004940099082887173
Cc1ccc(S(=O)(=O)Nc2nnc(S(N)(=O)=O)s2)cc1,0.009022935293614864
Cc1ccc(-c2cc(O)c3nc4ccccc4n3c2)cc1,0.003498765639960766
Cc1c(CCCl)c(N=[N+]=[N-])n2c(nc3ccccc32)c1C#N,0.0020680201705545187
CS(=O)(=O)NNS(=O)(=O)c1cccc([N+](=O)[O-])c1,1.211426706504426e-06
O=C(c1nc2ccccc2nc1O)C(O)c1ccccc1,0.005642708390951157
CS(=O)(=O)O.O=c1c2ccccc2n2nnc3ccc(NCCCNCCNCCCNc4ccc5nnn6c7ccccc7c(=O)c4c56)c1c32,0.03397155925631523
Cc1ccc(C)c(NC(=O)CCc2n[nH]c(=S)o2)c1,0.003837775671854615
CCSC1=NC(=Cc2ccccc2O)C(Cl)=N1,0.003803085070103407
O=C(Cc1nc2ccccc2s1)C(=O)Nc1cccc(C(F)(F)F)c1,7.034221926005557e-05
COc1cc(C=C2SC(c3ccccc3)N(c3ccc(NC(C)=O)cc3)C2=O)cc(OC)c1OC,0.03601239621639252
Cc1c(N)nc(C2CC(=O)N2CC(N)C(N)=O)nc1C(=O)NC(C(=O)NC(C)C(O)C(C)C(=O)NC(C(=O)NCCc1nc(-c2nc(C(=O)NCCNCC(C)O)cs2)cs1)C(C)O)C(OC1OC(CO)C(O)C(O)C1OC1OC(CO)C(O)C(OC(N)=O)C1O)c1c[nH]cn1,0.001079573412425816
O=c1ccn(COC(COCc2ccccc2)COCc2ccccc2)c(=O)[nH]1,0.2152729481458664
COc1ccc(C2CC(=O)N3CCCC3N2)cc1,0.00012367292947601527
CNC(C)C(N)c1ccccc1.Cl,2.6529764909355436e-06
COc1ccc2c(C)cc(=O)oc2c1,0.000411043205531314
C=C(Cc1ccc2c(c1)OCO2)C(=C)Cc1ccc(O)cc1O,0.019326644018292427
Cc1cn(CCOCCOC(=O)NC(CCCNC(=N)N)C(=O)O)c(=O)[nH]c1=O,0.028931358829140663
Cc1ccc2c(c1)C1(OC(=O)c3ccccc31)c1ccc(F)cc1O2,0.028948470950126648
COC(CCC[N+](C)(C)C)CC[N+](C)(C)C.[I-],0.00035819088225252926
CC(=O)ONC(C(=O)C(C)(C)C)C(=O)C(C)(C)C,3.758064121939242e-05
Oc1ccc2c(c1)-c1c(c3cc(O)ccc3n1CCN1CCOCC1)CC2,0.006706768646836281
CCOC(=O)NC1CCc2cc(OC)c(OC)c(OC)c2-c2ccc(OC)c(=O)cc21,0.003647710895165801
O=C(NCCCN1CCN(CCCNC(=O)Nc2cc(Cl)ccc2Cl)CC1)Nc1cc(Cl)ccc1Cl,0.007547548972070217
CC(C)C(C=Cc1ccc(Br)cc1)=NNC(N)=O,0.0002852888428606093
N#CC(=Cc1ccccc1)c1cccc(F)c1,0.00022983519011177123
Cc1ccc(S(=O)(=O)N(CCN2C(=O)c3ccccc3C2=O)c2cc3c4c(c2)Oc2cc(N(CCN5C(=O)c6ccccc6C5=O)S(=O)(=O)c5ccc(C)cc5)cc5c2C4(C)c2c(cc(N(CCN4C(=O)c6ccccc6C4=O)S(=O)(=O)c4ccc(C)cc4)cc2O5)O3)cc1,0.015957819297909737
COc1cccc(C(CC(=O)O)=NCCc2c[nH]c3ccccc23)c1C(=O)O,0.0001627443270990625
S=c1[nH]nc(Cn2c3ccc(Br)cc3c3nc4ccccc4nc32)n1C1CCCCC1,0.2533988356590271
CC(=O)OC1CCC2(C)CC3C=CC2(OO3)C1(C)C,0.004355333279818296
O=C(O)C(Cl)=C(Cl)C=NNC(=O)c1cc2ccccc2cc1O,9.532460535410792e-05
O=C(Nc1ccc(Br)c2ccccc12)c1ccc2ccccc2c1O,0.002370057627558708
COc1cc2c(c(OC)c1OC)C(=O)C(OC(=O)CCCCl)C2N.Cl,0.0001637080276850611
CCOC(=O)C1=C(N)Oc2cc(O)cc(O)c2C1c1ccccc1,0.034673646092414856
CC(CC(C)C1CCC2C3C(O)CC4CC(O)CCC4(C)C3CCC12C)C(=O)O,0.0050256522372365
CC(C)(C=NO)[N+](=O)[CH-]c1ccccc1,5.781037089036545e-06
S=C(N1CCN(c2ccc(Cl)c(Cl)c2)CC1)N1CCN(c2ccc(Cl)c(Cl)c2)CC1,0.0013408539816737175
N#Cc1ncc(C[PH](c2ccccc2)(c2ccccc2)c2ccccc2)nc1N,9.514992943352454e-30
CCOC(=O)c1cc(-c2ccc3ccccc3n2)c(O)c2cc3ccccc3nc12,0.007214803714305162
Clc1cc2nnn(C3CCCO3)c2cc1Cl,0.0004815115826204419
Cc1ccccc1NC(=S)NN=C(c1ccccc1)c1ccccn1,0.0006407821783795953
CC(C)N(C(=O)C12C3(C(=O)OC(C)(C)C)C4C5(C#N)C3C1(C(=O)OC(C)(C)C)C5C42C(=O)OC(C)(C)C)C(C)C,0.00010398789163446054
COc1cc2ccc(C(C)=NOC(C)=O)cc2cc1OC,0.0012290264712646604
N#Cc1c(N=Cc2ccccc2Cl)sc2c1CCC2,0.0062294225208461285
Cc1[nH]c(C)c2ccc(=O)ccc12,5.049416358815506e-05
CCc1ccc(NC(=O)NC(=O)c2ccccc2[N+](=O)[O-])cc1Oc1ncc(Cl)cn1,0.008554620668292046
CC1C(=O)N2C(=O)C(C)C(C)C(=O)N2C(=O)C1C,0.0010682981228455901
COc1ccc2oc(=N)c(C(N)=S)cc2c1,0.03442797064781189
O=C(O)C1CSC(c2ccccc2F)N1,0.0004355692944955081
CCOC(=O)C(=CN1CC(=CC(C)=Cc2ccccc2)SC1=S)C(=O)OCC,0.06004941835999489
COc1cc2c3c(c1)C(=NN)CCN3CCC2,9.603764920029789e-05
COc1cccc2c1[OH+][Co-3]1(O)([n+]3ccccc3)[S+]=C(Nc3ccccc3)[N-][N+]1=C2,4.84274545255786e-27
Cc1ccccc1NC(=O)C1C(=O)N(c2ccccc2C)C(=O)C1=NN,8.378556231036782e-05
COc1cccc(C=NNC(=O)C[NH+](C)C)c1O.[Cl-],0.0014061614638194442
Cc1ccc(S(=O)(=O)C(C#N)c2nc3ccccc3nc2-n2cccn2)cc1,0.02625315450131893
O=C1CN(N2C(=O)CSC2C23CC4CC(CC(C4)C2)C3)C(=O)CN1c1ccccc1,0.001216671895235777
CCCCCCC=CCCCCCCCc1cccc(O)c1C(=O)O,0.004155884496867657
N=C(CSS(=O)(=O)O)NCCSc1ccc(Cl)cc1,0.0002022788830799982
CCNc1ncnc2sc(SCc3ccccc3)nc12,0.0025423539336770773
CN(C)c1ccc(C2N(C)CCN2C)cc1,4.339403676567599e-05
CN(C)CCn1c2ccccc2c2nc3cc4ccccc4cc3nc21.Cl,0.007336719427257776
c1ccc(C2N=C(c3ccccn3)C(c3ccccn3)=NC2c2ccccc2)cc1,0.0010485406965017319
CCOP(=O)(OCC)C(C#N)=Cc1ccccc1Cl,0.02011628821492195
NC(=O)C(=CN1C(=O)C(=Cc2ccc([N+](=O)[O-])cc2)SC1=S)C(N)=O,0.003498680656775832
Cc1occc1C(=S)Nc1ccc(Cl)c(C=NOC(C)(C)C)c1,0.9801782965660095
COc1ccc(C(=O)C(C(=O)CCC(=O)Nc2ccc(C)c(C)c2)c2ccc(OC)cc2)cc1,0.0027039640117436647
Cc1c(-c2coc(-c3ccc([N+](=O)[O-])cc3)n2)c(=O)n(-c2ccccc2)n1C,0.0045885746367275715
CN(C)c1cc2c3ccccc3ccc2c2ccccc12,3.5082807698927354e-06
COc1ccc(C(C)=C2CCCN(Cc3ccccc3)C2)cc1,0.0005384566029533744
CC(C)C(=O)C=Cc1ccc(Cl)c(Cl)c1,0.0032174489460885525
C[N+](C)([O-])Cc1cccc(NC(=O)c2ccc(C(=O)Nc3cccc(C[N+](C)(C)[O-])c3)cc2)c1,5.847438296768814e-05
N#CC1CC2(C1)OCCS2,0.000674713053740561
CC(C)CC(NC(=O)C(N)CCC(=O)OCc1ccccc1)C(=O)NC(COCc1ccccc1)C(=O)NC(Cc1ccccc1)C(=O)ON1C(=O)CCC1=O.Cl,0.004024853464215994
CC(=NNC(=O)C[n+]1ccccc1)c1sc(-c2nc(C)c(C(C)=NNC(=O)C[n+]3ccccc3)s2)nc1C.[Cl-],0.00366451614536345
CC12CCC(OS(=O)(=O)O)CC1=CCC1C2CCC2(C)C(C(=O)O)CCC12.[NaH],0.23511990904808044
ClCCC[Si]12OCCN(CCO1)CCO2,1.3643822285303031e-06
NS(=O)(=O)c1cc2c(cc1Cl)=NC=NS=2(=O)O,0.010313439182937145
O=C(C=C1Nc2ccccc2C(=O)N1c1ccccc1Cl)c1ccccc1,0.01314828172326088
O=C1C2C(C(=O)N1c1ccccc1)C1(c3ccccc3)CCC2(C(=O)c2ccccc2)O1,0.0015966143691912293
CCCCC1(N=[N+]=[N-])C(=O)C2C=CC=C3c4ccccc4N(C1=O)C32,0.005648338235914707
CCCCCC=C(c1cc(Cl)c(O)c(C(=O)O)c1)c1cc(Cl)c(O)c(C(=O)O)c1.N,0.252454549074173
C[PH](C)(C)[Ir+]123([PH](C)(C)C)([PH](C)(C)C)C4=C1CCC2=C3CC4.[Cl-],0.0
CN(C)CC(C)(C)C(=O)C=Cc1ccccc1,0.006030303426086903
O=C1CCC(O)Cc2ccc(O)c(c2)-c2cc(ccc2O)CC1O,0.006168734282255173
O=C(NC(=O)c1c(F)cccc1F)Nc1ccc(Br)cn1,0.002919407794252038
C#CC1(O)CCC2C3CCc4cc(Oc5nc(F)nc(-c6c7cc8ccccc8cc7c(SCC)n6CCC)n5)ccc4C3CCC21C,0.00012668677663896233
O=C1C[N+]23CC[N+]45CC(=O)O[Ca-4]24(O1)(OC(=O)C3)OC(=O)C5,2.6393267944513354e-06
Cc1cc(O)nc(NN2C(Cl)C(=O)C2c2c(O)ccc3ccccc23)n1,0.005013699177652597
CCOC(=O)c1c(C)nc(S)c(C#N)c1-c1ccc(Cl)cc1,0.024345284327864647
Nc1nc(NCc2ccccc2)cc(NCc2ccccc2)n1,0.0026281517930328846
CCOC(=O)c1sc(SSc2sc(C(=O)OCC)c(C)c2[N+](=O)[O-])c([N+](=O)[O-])c1C,0.0065101394429802895
COC1(C(C)(C)C)C=C(C(C)(C)C)P(=O)(O)O1,0.002208710415288806
COc1cc([N+](=O)[O-])c([N+](=O)[O-])cc1N,0.007140270434319973
CCN1CC2(COC)CCC(O)C34C5CC6C(OC)CC(O)(C5C6O)C(C(OC)C23)C14,0.00041022858931683004
Cc1cc(NS(=O)(=O)c2ccc(NC(=O)c3cccc4c(Nc5ccc(S(=O)(=O)Nc6cc(C)on6)cc5)c5ccc(Cl)cc5nc34)cc2)no1,0.18508405983448029
COc1ccc(-c2[nH]c(=O)n(C3OC(CO)C(O)C(O)C3O)c(=O)c2C#N)cc1,0.03742671757936478
CC1(C)OC2(C)CCC1C(O)C2N1CCCC1,0.00025695498334243894
COC(=O)C(C(=NN)C(=O)Nc1cc(Cl)c(Cl)cc1Cl)c1nc2ccc(Cl)cc2nc1O,0.00042258057510480285
CCOP(=O)(CC=CCn1cnc(C(N)=O)c1N)OCC,0.022229665890336037
CC(=O)C(=CN1CC(=O)NC1=S)C(=O)Nc1ccccc1,0.004308178089559078
CCOC(=O)NN(C(=O)OCC)C(C(=O)C1=CCCCC1)N(NC(=O)OCC)C(=O)OCC,0.00021047447808086872
CCOC(=O)C(N)CSC(=O)NC,1.4259791214499273e-06
C=C1CC[N+]2(CCCCCC)CCCC12,0.0035326688084751368
O=C1c2cccc3cc([N+](=O)[O-])cc(c23)C(=O)N1CCCN(CCO)CCO,0.0039377762004733086
CC(C)(C)C(=O)C1CC(=O)c2ccccc2C1=O,0.00626399926841259
CC(=C(SSC(C(=O)O)=C(C)c1cccc(O)c1)C(=O)O)c1cccc(O)c1,0.03365076333284378
N#Cc1cccc(N2C(=O)C3C4C=CC(C3C2=O)C2C(=O)N(c3cccc(C#N)c3)C(=O)C42)c1,0.002587013179436326
O=C(C[n+]1ccccc1)NN=C(Cc1nc2ccc([N+](=O)[O-])cc2nc1O)C(=O)Nc1cc(Cl)c(Cl)cc1Cl.[Cl-],0.0006795225781388581
O=C1Nc2ccccc2C1=Cc1ccccn1,0.003827922511845827
COC1=CC2OC3OC(=O)CC3C2C(OCc2ccccc2)=C1,0.0303701963275671
COC(=O)CCC(C)C1CCC2(C)c3ccc4c(c3C(=O)CC12C)CCC(OC(C)=O)C4(C)C,0.0038742036558687687
CCN(CC)C(=O)CCn1ccc(=O)[nH]c1=O,0.0010248208418488503
c1ccc(-c2csc3c2-n2cccc2C3N2CCCC2)cc1,0.00391812901943922
CC1=NN(C(=O)c2ccc(Cl)cc2)C(=O)C1=Cc1ccco1,3.520927930367179e-05
Nc1c(S(=O)(=O)O)cc(S(=O)(=O)O)c2ccc(N=Nc3ccc(C=Cc4ccc(N=Nc5ccc6c(S(=O)(=O)O)cc(S(=O)(=O)O)c(N)c6c5O)cc4S(=O)(=O)O)c(S(=O)(=O)O)c3)c(O)c12.[NaH],0.997246503829956
CC(=NNC(=O)c1ccncc1)c1ccc(NC(=O)C(=O)Nn2c(=S)[nH]c3ccccc3c2=O)cc1,0.0018145182402804494
COc1cc2cc(C(=O)N3CC(CCl)c4c3cc(N)c3ccccc43)[nH]c2c(OC)c1OC,0.013225727714598179
ClC(Cl)(Cl)C1CCOC1n1nc2ccccc2n1,8.183277630015046e-15
Nc1cccc(P(N)(N)=O)c1,1.4787063446538434e-13
COC(=O)N1CCc2c(O)nc(N(C)CCO)nc2C1,0.0018192119896411896
O=C1CSC(=Nc2ccccc2F)N1c1ccccc1F,0.0447547510266304
C=C1C2CC3CCC2C(OC(=O)c2ccccc2C(=O)O)C13,0.017079513520002365
C=C1CN(C(=O)c2cc3cc(OC)c(OC)c(OC)c3[nH]2)c2cc([N+](=O)[O-])ccc21,0.005966275464743376
O=C1C(=Cc2cccc(F)c2)C(=O)c2ccccc21,0.0007338357390835881
COc1cc(C(c2cccc3ccccc23)N2C(=O)CCC2C(=O)O)cc(OC)c1OC,0.0021112654358148575
O=C(C(=O)n1ncc(Cl)c(Cl)c1=O)n1ncc(Cl)c(Cl)c1=O,1.9018269085790962e-05
Cc1ccc(C(=O)NC(C)(C)C)cc1N=NN(C)C,0.0010165984276682138
CN(C)C(=S)N=c1ssc(=S)n1-c1ccccc1,0.011251848191022873
Cc1ccc2c(c1)C(=O)C(=Cc1ccccc1)CCS2(=O)=O,0.01023454125970602
COC(=O)C1C(O)C(C)C(O)C(C)C=CC=C(C)C(=O)Nc2c(C)c(OC(C)=O)c3c(c2O)C(=O)C(C)=C2OCOC(=C23)C(C)=CC(C)C(O)C(C)C1O,0.003657597117125988
COC(=O)C(C#N)=C1NC(=O)c2ccccc21,0.0014565505553036928
O=C1C(=Cc2ccccc2)CN(C(=O)C=Cc2ccccc2)CC1=Cc1ccccc1,0.0016444134525954723
O=c1[nH]c(=O)n(C2OC(CF)C(O)C2O)cc1N1CCOCC1,0.006264542229473591
O=C1CCN2CCCC12.O=[N+]([O-])c1cc([N+](=O)[O-])c(O)c([N+](=O)[O-])c1,0.11855804920196533
C=CCNC(=O)NCCCCC(NC(C)=O)C(=O)NCc1ccccc1,0.0015868389746174216
NP(=O)(Nc1ccccc1)Nc1ccccc1,6.507559646706795e-08
C=CCC1(C)CCCN(Cc2ccccc2)C1=O,0.004091863054782152
CN1N=C(Nc2ccccc2)Sc2c1cnn(-c1ccccc1)c2=O,0.0004623247659765184
N#CCCN(c1ccc(C=Nc2cccc([N+](=O)[O-])c2)cc1)S(=O)(=O)c1ccccc1,0.008794537745416164
OC1NC2CC3NC(O)C(O)NC3CC2NC1O,2.0381527576773806e-07
COC1C(OC(N)=O)C(O)C(Oc2ccc3c(O)c(NC(=O)c4ccc(O)c(CC=C(C)C)c4)c(=O)oc3c2C)OC1(C)C,0.4437124729156494
CCOC(=O)C1(C)CC12CCCCC2,9.544667409500107e-05
Clc1ccc2c(Cl)nc(-c3ccccc3)nc2c1,0.0009464645409025252
NS(=O)(=O)c1ccc(Nc2c3ccccc3nc3c(C(=O)NCCCN(CCO)CCO)cccc23)cc1,0.03398561477661133
O=C(Nc1ccc(Cl)c(Cl)c1)C(=O)C(C(=O)c1ccccc1F)C1OC(=O)c2ccccc21,0.0033164359629154205
N#Cc1c2c(c(N)oc1=O)C(c1ccccc1)CC(=O)N2,0.0015701812226325274
O=C(NC=C(c1ccccc1)S(=O)Cc1ccccc1)Nc1ccccc1Cl,0.04250766336917877
C=C1C(=O)OC2CC(C)C3(O)C=C(C(C)=O)C4(OC3CC12)C(=O)OC1CC(C)C2(C=CC(C)=O)OC2CC14,0.04424947872757912
CN1c2ccccc2NC(CC(=O)O)C2CC=CN21,0.0001427006209269166
COc1ccc(C(C2=C(O)COC2=O)c2cc3c(cc2O)OCO3)cc1OC,0.009439530782401562
Cc1cccc(C2NC(=S)N3C(c4cccc(C)c4)NC(=S)N23)c1,0.00047254038508981466
CCc1c(-c2ccc(OC)cc2)oc(OC)c(C)c1=O,0.05734708532691002
O=C1c2ccccc2CC12Cc1ccccc1C2,3.772081254282966e-05
C=C1CCCCCCCCCCC12SCCCS2,1.547675232416168e-08
CN1Cc2cc3cc4c(cc3nc2N(C)C1)OCCO4,0.00046921795001253486
CCOC(=O)CN1C(=O)NC(C)(c2ccccc2)C1=O,0.0009219056228175759
COc1ccc2c(c1)CCN1C2CCN2C(=O)CCC21,0.00042335817124694586
Cc1cc(C)n2[nH]c(=N)c(C#N)c2c1C#N,0.00207372079603374
O=C1OCCOCCOCCOCCOC(=O)c2cccc1c2,0.0007696815300732851
NS(=O)(=O)c1ccccc1[N+](=O)[O-],0.0029676584526896477
CC(NC(=O)C(C)NC(=O)C(N)CCP(C)(=O)O)C(=O)O,1.3386102182266768e-05
CCCCCCC(CC)(C(=O)O)C(=O)O,0.0009085022029466927
CCOP(=O)(OCC)C(Nc1ccc(Cl)cc1)c1ccc(F)cc1,0.0009858551202341914
CC(CCOc1c2ccoc2cc2oc(=O)ccc12)C1=CC(=O)C(C)(C)O1,0.1083051785826683
Cc1cc(S(=O)(=O)Nc2nc(=N)n(-c3ccccc3)[nH]2)c(S)cc1Cl,0.7811764478683472
Cc1ccc(NC(=N)NC#N)cc1,0.0001874612644314766
C1=CC2=[N+]3C1=C(c1ccncc1)C1=CC=C4C(c5ccncc5)=C5C=CC6=[N+]5[Zn-2]3([NH+]14)[NH+]1C(=C2c2ccncc2)C=CC1=C6c1ccncc1,1.9289489778151654e-14
CCOC(=O)c1ccc(N2N=C3C(=CC(=O)c4ccccc43)SCC2=O)cc1,0.0019997386261820793
O=C1CCC2(CC1CC(Sc1ccccc1)Sc1ccccc1)OCCO2,0.06363783776760101
Cn1c2c(c3ccccc3c1=O)C(=O)c1ccccc1-2,0.007860811427235603
CCOC(=O)c1cc(C2CCN(Cc3ccccc3)C2=O)c(C(=O)C(=[N+]=[N-])C(C)=O)[nH]1,0.011748092249035835
Oc1cc(NNc2cccc(F)c2)nc(S)n1,0.0027454369701445103
Cc1noc(NC(=O)Nc2ccccc2C(F)(F)F)c1C,0.0001525901461718604
CCCCOC(=O)NC(Nc1ccc(S(N)(=O)=O)cc1)(C(F)(F)F)C(F)(F)F,0.058639928698539734
O=C(CSC(=S)N1CCOCC1)Nc1nc2c(s1)CCCC2,0.04399461671710014
CCOC(=O)c1ccn2c(c1)c(C#N)c1nc3ccccc3nc12,0.023553794249892235
N=C(CS)NCC1C2CC3CC(C2)CC1C3,0.042226120829582214
CC(C)C1CC(CO)(CNc2cc(Cl)nc(N)n2)C1,0.0028436260763555765
O=C(O)C1OC(n2cc([N+](=O)[O-])c(=O)[nH]c2=O)C(O)C1O,0.007874627597630024
COC1C=COC2(C)Oc3c(C)c(O)c4c(c3C2=O)C(=O)C=C(NC(=O)C(C)=CC=CC(C)C(O)C(C)C(O)C(C)C(OC(C)=O)C1C)C4=O,0.007185105234384537
CC(=O)CCn1c(=S)sc2ccccc21,0.42879220843315125
Cc1ccccc1-n1c(=O)nc2n(-c3ccc(C(C)(C)C)cc3)c3ccccc3cc-2c1=O,0.0005242882180027664
CC12CCCCC1(O)CC(C(=O)O)CC2,0.001256556250154972
O=C1C(Cl)C(c2cc(Br)ccc2O)N1n1cnc2ccccc2c1=O,0.00014920580724719912
O=c1oc(-c2ccccc2NS(=O)(=O)c2ccccc2)nc2cc(Cl)ccc12,0.05039340630173683
CCc1cccc(C)c1NC(=O)CCc1nnc(SC)o1,0.0020886727143079042
CCCC(=O)N1CCN(c2ccc3c(c2)OC(C)O3)CC1.Cl,0.00019207452714908868
Cc1cn(C2CC(N3C(=O)c4ccccc4C3=O)C(CO[Si](C)(C)C(C)(C)C)O2)c(=O)[nH]c1=O,0.1814611703157425
Cn1cc(C(=O)C(Cl)=C(Cl)C(=O)O)c2ccccc21,9.541873441776261e-05
O=C(Nc1ccc(Cl)cc1Cl)C(=O)Nn1c(=S)[nH]c2ccccc2c1=O,0.0062947566621005535
COc1ccc(CCNC(=O)C2CCCCC2CCO)cc1OC,0.009623317047953606
N#CC(C#N)SCc1ccccc1,0.00012358982348814607
O=C(Cc1nc2ccccc2o1)C(=O)Nc1ccc(Cl)cc1Cl,0.05037151649594307
CNc1ncnc2c1ncn2C1C=CC(COS(N)(=O)=O)C1,0.0021921906154602766
C(=C1CCCCC([n+]2ccccc2)=N1)c1ccccc1.Cc1ccc(S(=O)(=O)[O-])cc1,0.047372616827487946
O=c1c2c(-c3ccccc3)onc2n(-c2ccccc2)c(=O)n1-c1ccccc1,0.006159463431686163
O=C1CN2CC(c3ccccc3)OC2c2ccccc2N1,0.002308107679709792
c1ccc(N=C2SC(c3ccccc3)CN2C23CC4CC(CC(C4)C2)C3)cc1,0.0006613755831494927
COc1cc(Nc2nc3ccc(C(F)(F)F)cc3nc2C(=O)O)cc(OC)c1OC,5.0454167649149895e-05
O=C(O)C(CS)Nc1c2ccccc2nc2ccccc12,7.608956366311759e-05
O=c1c2[nH]c3cccc(Cl)c3c2cnn1-c1ccc(F)cc1,0.004360946826636791
CC1(C)OP23(NC(=O)OC2(C(F)(F)F)c2ccccc2O3)OC1(C)C,1.4843567874216634e-37
CN(C)c1ccc(C=C(NC(=O)c2ccccc2)c2nn(C)c(=O)o2)cc1,0.0001299072609981522
COC(=O)C(=CNc1cccc(C)n1)S(=O)(=O)c1ccc(C)cc1,0.02728252485394478
O=S(=O)(O)c1cc(S(=O)(=O)O)c2c(N=Nc3ccc(N=Nc4ccccc4)cc3)c(O)ccc2c1,0.1647472083568573
Cl.Cn1cc(N)cc1C(=O)Nc1cc(C(=O)Nc2cc(S(=O)(=O)O)c3cc(S(=O)(=O)O)cc(S(=O)(=O)O)c3c2)n(C)c1.[NaH],0.9403727054595947
Cc1cc(O)c(C#N)c2c(C#N)c(=N)[nH]n12,0.001618452719412744
CN(N)c1cc(O)nc(O)n1,2.779409896902507e-06
O=C(c1ccc(Cl)cc1)N(C(=S)N1CCN(c2ccccc2)CC1)C1CCCCC1,0.00027164106722921133
O=C(O)CCCc1cc2c(s1)-c1cccc3cccc-2c13,8.516260277247056e-05
CN(C)c1ccc(C=c2sc3nnc(-c4ccco4)n3c2=O)cc1,0.0002559434506110847
CCOC(=O)C(Cc1c(-c2[nH]c3ccccc3c2CC(NC(=O)CNC(C)=O)C(=O)OCC)[nH]c2ccccc12)NC(=O)CNC(C)=O,0.0029118016827851534
CC1(C)CC(=O)C2=C(C1)Nc1ccccc1NC2c1ccccc1,0.001787786721251905
Cc1ccc2ccc(-c3cc4ccccc4s3)nc2c1,0.0007964653777889907
COc1cc(NC(C)=O)c2c(c1)SCC(=O)N2,0.0035339028108865023
CC1CC[PH](c2ccccc2)(c2ccccc2)c2c1ccc1ccccc21,1.8456493225989576e-30
O=C1NC(=S)NC1=Cc1ccc(Cl)cc1,0.0012746491702273488
Cc1ccc(N2C(=O)C(Cl)=C(Cl)C2=O)cc1,4.318161518312991e-05
BrCC[N+]12CC[N+](CCBr)(CC1)C2,0.00031271687475964427
COC(=O)C1CC2C=CC1N(C(=O)OCc1ccccc1)C2,0.0007452715071849525
CCC1CC2C(=O)N(c3ccccc3)C(=O)C2c2[nH]c3ccccc3c21,0.0017954884096980095
COc1c(O)c(C=O)c2c(O)c(-c3c(C)cc4c(C(C)C)c(OC)c(O)c(C=O)c4c3O)c(C)cc2c1C(C)C,0.006024980917572975
N#CC(=Cc1ccsc1)C(=O)c1ccccc1,0.0003135697916150093
C1CN1c1nc(N2CC2)nc(N2CC2)n1,0.0005477381637319922
O=S(=O)(O[IH2](O[IH2](OS(=O)(=O)C(F)(F)F)c1ccccc1)c1ccccc1)C(F)(F)F,8.161942788298404e-10
CC1N=NC([S-])=NC1=O.[Pd+2],0.0052894060499966145
Cc1c(C(=O)Nc2ccccc2)nnn1-c1ccnc2cc(C(F)(F)F)ccc12,1.4152453331917059e-05
N#CCCN(CCC#N)c1ccc(C=C2N=C(c3ccccc3)N(NC(=O)c3ccncc3)C2=O)cc1,0.0012708923313766718
N#CC(C(=O)C(=NNC(=O)c1ccccc1O)C(C#N)c1ccccc1)c1ccccc1,0.00039734545862302184
CC(=O)N(O)Cc1ccccc1,4.615683064912446e-05
Cc1ccccc1NC(=O)CC(=O)n1nc(-c2ccccc2)c(N=Nc2ccc([N+](=O)[O-])cc2)c1-c1ccccc1,0.0003179759078193456
Cc1c(N=Nc2ccccc2)c(-c2ccccc2)n(C2OC(CO)C(O)C(O)C2O)c(=S)c1C#N,0.03489718213677406
NS(=O)(=O)c1cc[n+]([O-])c2ccccc12,0.0007136671338230371
CCCC(=O)n1[nH]c(=O)n(-c2ccc(Cl)cc2)c1=O,0.003528082277625799
O=c1oc2ccccc2c(O)c1-c1cccc2ccccc12,0.005144545808434486
N#CC(C(=NNC(N)=S)C(=O)Nc1cccc(Cl)c1)c1ccccc1,4.37295348092448e-05
Cc1cc(C)nc(NS(=O)(=O)c2ccc(Nc3c4ccc(Cl)cc4nc4c(C(=O)Nc5ccc(S(N)(=O)=O)cc5)cccc34)cc2)n1,0.0562092624604702
O=C1N[Se](=O)c2ccccc21,0.11631064116954803
O=C(O)Cn1c(=O)ccc2ccccc21,0.0006759166135452688
O=S(O)CCCCCSSCCCCSSCCCCCS(=O)O.[NaH],0.0014118897961452603
O=c1ssc2ncccc12,0.06182616576552391
CCN(CC)C(=O)c1ccc(O)c(OC)c1,0.0025188445579260588
O=C1Cc2c([nH]c3ccccc23)-c2cc(Br)ccc2N1,0.0018621961353346705
Cc1ccc(-c2c3c(n(C4OC(CO)C(O)C(O)C4O)c(=S)c2C#N)CC(C)(C)CC3=O)cc1,0.07458777725696564
COC1C(=O)CCC2(CO2)C1(O)C1(C)OC1CCC(C)C,0.07196824997663498
COC(=O)c1c(C)cccc1CC1Cc2c(C)cccc2C1=O,0.0011358486954122782
Nc1nc(N)c(N=O)c(Nc2ccccc2)n1,4.220037953928113e-05
O=C1CCN(CCC(F)(F)C(F)(F)C(F)(F)C(F)(F)C(F)(F)C(F)(F)F)C(=S)N1CCC(F)(F)C(F)(F)C(F)(F)C(F)(F)C(F)(F)C(F)(F)F,0.07213280349969864
C=C1CN(S(=O)(=O)c2ccc(C)cc2)CCCN(CCC(C)C)CCCN(S(=O)(=O)c2ccc(C)cc2)C1.Cl,0.0067052762024104595
CCN(CC)C(=O)Cn1c(C)cc2ccccc21,0.00045431096805259585
CN(COC(=O)C(C)(C)C)c1nc(N(C)COC(=O)C(C)(C)C)nc(N(C)COC(=O)C(C)(C)C)n1,0.0008975723176263273
O=C(O)c1ccc(CS(=O)(=O)c2ccc([N+](=O)[O-])cc2)c([N+](=O)[O-])c1,0.000360275327693671
COC(=O)Nc1nc(O)c2ccccc2n1,0.008230483159422874
C1=C(C2CCCC3C4CC(CN23)C2CCCCN2C4)CCC2C3CC(CN12)C1CCCCN1C3,0.0015785640571266413
c1ccc2cc3c(cc2c1)Cn1c-3nc2ccccc21,0.003589256200939417
Nc1c2ccccc2nc2nccnc12,0.0014793925220146775
O=C1N=NC(=O)c2ccccc21,0.004126658197492361
O=C(CCCN1CCC2(CC1)CC(=O)N(N1CCOCC1)C2=O)c1ccc(F)cc1,0.0001678915723459795
O=C1c2ccccc2N2OC3C4CCC(C4)C3C12c1ccccc1,0.0006449890206567943
O=C(OC1CCCCC1)c1cc(NC(=S)c2ccccc2F)ccc1Cl,0.6170715093612671
CCOC(=O)C(=Cc1cc(OC)ccc1OC)C(=O)OCC,0.004131159745156765
COc1ccc(OC)c2c3c(ccc12)C(c1ccccc1)OC3=O,0.007443862035870552
COC1C=COC2(C)Oc3c(C)c(O)c4c(O)c(c(C=NN5CCN(Cc6ccccc6)CC5)c(O)c4c3C2=O)NC(=O)C(C)=CC=CC(C)C(O)C(C)C(O)C(C)C(OC(C)=O)C1C,0.0016241086414083838
COC(=O)C(=Cc1ccc(OC)cc1)C(C(=O)O)=C1CCCC1,0.008107216097414494
CC(c1ccccn1)=[N+]1[N-]C(N)=[S+][AlH3-]12[OH+]B(c1ccccc1)[OH+]2,3.225721949486235e-32
CC1(C)C2CC1C(Cc1ccc(CC3c4cc(-c5ccccn5)ncc4C4CC3C4(C)C)cc1)c1cc(-c3ccccn3)ncc12,0.04710198938846588
COC1C=COC2(C)Oc3c(C)c(O)c4c(O)c(c(C=NNC(=O)CC(=O)NN=Cc5c6c(O)c7c(O)c(C)c8c(c7c5O)C(=O)C(C)(OC=CC(OC)C(C)C(OC(C)=O)C(C)C(O)C(C)C(O)C(C)C=CC=C(C)C(=O)N6)O8)c(O)c4c3C2=O)NC(=O)C(C)=CC=CC(C)C(O)C(C)C(O)C(C)C(OC(C)=O)C1C,0.0028276958037167788
O=C1C=C(Nc2ccccc2)c2ccccc2C1=O,0.0012398662511259317
COCCN1C2=CCCCC2=Nc2c(O)nc(N)nc21,0.0009734603809192777
Cn1cnc(N2CCCC2)c(C#N)c1=S,0.005462429020553827
Cc1cc(N(CCC#N)CCC#N)ccc1C=CC(=O)Nc1cccc(Cl)c1,0.003879562485963106
CC=CCCC1CCCCN(C(=O)OC(C)(C)C)C1OCC,0.020974939689040184
O=[N+]([O-])C(Cl)C(Cl)C(Cl)=C(Cl)Cl,1.1329449926828644e-23
O=S(=O)(O)C1=C2Sc3ccccc3N=C2c2ccccc2C1,0.20098382234573364
COc1cccc(C(C#N)NC23CC4CC(CC(C4)C2)C3)c1,0.00015401566633954644
OC1COCC2N3C(=NN12)Sc1ccccc13,0.002770442282781005
Cn1c(=O)n2c(-c3ccccc3)c(-c3ccccc3)n2c1=O,0.0001782182662282139
CN1CCN(C(=O)CCN2c3ccccc3Sc3ccccc32)CC1,0.004266382660716772
CC(=CCOc1ccc2ccc(=O)oc2c1)CC1C=C(C)C(=O)O1,0.01811356097459793
N#Cc1nc(-c2ccccc2C(=O)O)oc1N,0.010658945888280869
O=C(O)C1C(c2ccccc2)C=CC(c2ccccc2)C1C(=O)O,0.00021598194143734872
Cc1nnc(NS(=O)(=O)c2ccc(N=NC3SC(=S)NC3=O)cc2)s1,0.027261149138212204
S=P(N1CC1)(N1CC1)N1CC1,0.005414415616542101
O=C1CSC(c2ccc([N+](=O)[O-])cc2)N1c1ccc(-c2ccc(-n3c(-c4ccccc4)nc4ccccc4c3=O)cc2)cc1,0.009175850078463554
Cc1cc(C)c(C)c(-n2[nH]c(=O)n(C)c2=O)c1C,0.0009771223412826657
COC(=O)C(Cc1c(C2Nc3ccccc3C2CC(NC(C)=O)C(=O)OC)[nH]c2ccccc12)NC(C)=O,0.0003250569279771298
CC(C)NC(=N)CSS(=O)(=O)O,1.8365699361311272e-05
OC(c1ccccc1)(c1ccccc1)C1CC1c1ccncc1,2.0407098418218084e-05
CC(=O)NC1=CC(=O)c2cc(C)cc(O)c2C1=O,0.0019237378146499395
O=C(CC(C(=O)c1cccs1)c1ccsc1)c1ccc(Cl)s1,0.0014205991756170988
O=C(O)c1nc2cc(C(F)(F)F)ccc2nc1O,5.473370379149856e-07
O=C(C=Cc1cccs1)c1ccc(Cl)cc1,0.0002764081582427025
Cc1cc(-c2c(Br)cc(C(=O)O)n2C)on1,0.0003499610465951264
Cc1ccc(NC(=O)c2nc(S)nc(N)c2-c2ccccc2C)cc1C,0.028548462316393852
c1ccc(-c2cc(-c3ccccc3)nc(-c3ccncc3)c2)cc1,0.0005734654841944575
O=C(c1ccccc1)C1Nc2ccc(Cl)cc2C2OCCCC12,0.0030551606323570013
COc1c(Cl)cc(C(=CCC(=O)NC2CCC3(C)C(CCC4C3CCC3(C)C(C(C)CCCC(C)C)CCC43)C2)c2cc(Cl)c(OC)c(C(=O)O)c2)cc1C(=O)O.N,0.33664101362228394
CC1=C(C#N)C(C#N)(C#N)C(NN(C)C)C1.Cl,1.1723177522071637e-06
CCCC(=O)Oc1ccc2c(C)cc(=O)oc2c1,0.008784554898738861
CCOC(=O)CCC(NC(=O)N1CCN(c2c(C)nc(C)nc2O)CC1)C(=O)OCC,0.0009656436159275472
COCCNC1CCC(=O)c2[nH]c3ccccc3c21,0.007440282963216305
COc1ccc(NC(=O)CCc2cc(-c3ccc(O)c(OC)c3)nc(NC#N)n2)cc1,0.018751677125692368
I.OCCN(C1=NCCN1)[N+](=Cc1ccc(Cl)cc1)[CH-]c1ccc(Cl)cc1,3.7134277590666898e-06
N#CC(c1ccc(Cl)cc1)c1cccc(C(C#N)c2ccc(Cl)cc2)n1,1.1766148418246303e-05
[N-]=[N+]=Nc1cccc(-c2nnc(Cl)cc2O)c1,0.0008430957095697522
COc1ccc(NS(=O)c2ccccc2OC)cc1,0.06433919817209244
CCOP(=O)(CC(=O)NC(C(N)=O)C(C)C)OCC,0.018052304163575172
Cc1nc2cccc(F)c2c(=O)n1-c1nnc(C2CC2)s1,0.08280215412378311
O=c1cc2ccccc2nn1Cc1ccccc1,0.0134706636890769
C=CC1(C)CCC2C(=CCC3C(C)(COC4OC(CO)C(O)C(O)C4O)C(O)CCC23C)C1,0.01158993598073721
CC(=O)c1cc(C(C)=O)c(CC(=O)C(=O)Nc2ccc(Cl)cc2Cl)nc1CC(=O)C(=O)Nc1ccc(Cl)cc1Cl,0.02580885961651802
CCOC(=O)C(=Cn1c(=S)[nH]c2ccc([N+](=O)[O-])cc21)C(=O)c1ccccc1,0.011364836245775223
CC(C)(C)NCc1c(C(=O)NCCO)[n+]([O-])c2ccccc2[n+]1[O-],0.0006045681657269597
CN(C)N1C(=O)C(=O)N(c2cccc3ccccc23)C1=O,3.2065327104646713e-06
CCOC(=O)C=Cc1ccc2c(c1)OC(CO)C(c1ccc(O)c(OC)c1)O2,0.03201406076550484
COC(=O)c1ccc2c(c1)CC1(C2)Cc2ccc3c(c2C1)CCC3,7.150931196520105e-05
CNC(=S)NNc1ncnc2c1ncn2-c1ccc(C)cc1,0.0002980567514896393
CC(=O)SC1CC(=O)OC1=O,0.16051733493804932
N#CCCN(c1ccc(C=Nc2ccccc2Cl)cc1)S(=O)(=O)c1ccccc1,0.029456503689289093
COc1c(C)c2c(c(C)c1Cl)Oc1c(C=O)c(O)c(Cl)c(C)c1C(=O)O2,0.004874244797974825
CN1C(NCCO)=NS(=O)(=O)c2ccccc21,0.00044053190504200757
COc1ccc(C=C2CCOC2=O)cc1OC,0.012400680221617222
Cc1ccc(S(=O)(=O)Oc2nc3ccccc3nc2N(S(=O)(=O)c2ccc(C)cc2)S(=O)(=O)c2ccc(C)cc2)cc1,0.0012831331696361303
COc1cc2ccc1OCc1cccc(n1)COc1ccc(cc1OC)C=Nc1ccc(cc1)N=C2,0.005916187539696693
O=[N+]([O-])c1ccc(C2=Nc3ccccc3N=C(c3ccccc3O)C2)cc1,0.0068339090794324875
Cn1c2ccccc2c2nc3ccccc3nc21,0.017134008929133415
N=c1ccn(C2CSC(CO)CO2)c(=O)[nH]1,0.1600172072649002
CCCCCCCCNC(=O)SCCCC,0.0009087412036024034
Cc1[nH]c(-c2ccccc2)c2nc(N(C)C)oc(=O)c12,7.966784323798493e-05
Cc1ccc(S(=O)(=O)N2CCSCCSCCSCCN(S(=O)(=O)c3ccc(C)cc3)CC2)cc1,0.00016987320850603282
O=c1c2cc(S(=O)(=O)Nc3c(Cl)cccc3Cl)ccc2ncn1NS(=O)(=O)c1ccc2ccccc2c1,0.01643449068069458
CC(C)(C)c1cc(S(=O)(=O)O)c2oc(-c3ccccc3)cc(=O)c2c1,0.0059080771170556545
Cc1ccc([PH](Cc2ccccc2)(c2ccc(C)cc2)c2ccc(C)cc2)cc1,1.0277713863476716e-31
O=C1CSC(=Nc2ccccc2)N1c1ncccn1,0.052691489458084106
CC(=O)OC1C(O)C(C)OC(OC2C(OC(=O)C3CCC4C(C3)OC3(CC(OC(=O)C=Cc5ccccc5)C(C)CO3)C43CO3)OC(C)C(O)C2OC(C)=O)C1O,0.21776559948921204
COc1ccc(C=C(C#N)C(=O)c2ccccc2)cc1,0.000673638831358403
Cc1cc(NCCCCCCCNc2cc(C)nc3cc(N)ccc23)c2ccc(N)cc2n1,0.0039284913800656796
O=C1CC2CCC(C1)N2CC1COc2ccccc2O1,0.02650103159248829
O=C(Cn1nc(Br)c(Br)c1Br)c1ccccc1,0.0009200089843943715
OC1CC2CCN3Cc4cc5c(cc4C(C1O)C23)OCO5,0.003939248621463776
CC1CCCN2C(=O)CN(C3CCCCC3)CC(=O)N12,0.0021172019187361
Cc1noc(C)c1N=Nc1ccc2nonc2c1N,0.000554770405869931
NNC(=O)CC(=O)N(C(=O)c1ccccc1)c1ccc(Cl)cc1,0.000745978846680373
CC(C)=CCCC(C)C1=C(O)C(=O)C(C)=C(Nc2ccccc2Br)C1=O,0.009650335647165775
CC(C)CCCC(C)C1CCC2C3CCC4CC(CCCP(=O)(c5ccccc5)c5ccccc5)CCC4(C)C3CCC12C,0.0018158435123041272
CCOC(=O)C1([Se]c2ccccc2)CCCC1=O,0.013563846237957478
CC12CCC3C(CCC4c5nonc5CCC43C)C1CC(=NO)C2=O,0.2508704960346222
COC(=O)C1C(O)C(C)C(O)C(C)(O)C=CC=C(C)C(=O)Nc2c(C)c(OC(C)=O)c3c(c2O)C(=O)C(C)=C2OCOC(=C23)C(C)=CC(C)(O)C(O)C(C)C1OC(C)=O,0.002836485393345356
CC(=O)c1cccc(NC(=O)C(=O)C(C2OC(=O)c3ccccc32)[N+](=O)[O-])c1,0.001651366357691586
C=C1CC2C(=O)N(c3ccccc3)C(=O)C2CC1n1[nH]c(=O)n(Cc2ccccc2)c1=O,0.006911829579621553
O=[N+]([O-])c1cccc(N=Cc2ccc(O)cc2)c1,0.015091518871486187
COC(=O)N1CC2CC(=O)OCC2C1CO,0.04757814481854439
O=C1Nc2cccnc2NC2=C1CSC2,0.0012040524743497372
COCC(N=CN1CCc2cc(OC)ccc2C1)C(C)C,0.0007436599698849022
COc1ccc(NC(C)=O)cc1N1C(=O)C(=Cc2cc(OC)c(OC)c(OC)c2)SC1c1ccccc1,0.050691597163677216
CCCCn1c(C)c(C(=O)OCC)c2cc(OCc3ccc(C(=O)Nn4c(C)ccc4C)cc3)c(Br)cc21,0.07686922699213028
COC12C(COC(N)=O)C3=C(C(=O)C(C)=C(N4CCN(C)CC4)C3=O)N1CC1NC12,0.0031602808739989996
O=[N+]([O-])c1cccc(-c2csc(NNC3=NCC(=Cc4ccc5c(c4)OCO5)S3)n2)c1,0.003074449021369219
OC1(c2ccccc2)CC2CCC(C1)N2CCCC1(c2ccc(F)cc2)OCCO1,0.002110907807946205
c1scc2c1COCCOCCOCCOCc1cscc1COCCOCCOCCOC2,1.5390274711535312e-05
[N-]=[N+]=CC(=O)OCCCCl,2.9263478040775226e-07
COc1cc(CC2C(=O)OCC2C(=O)c2ccc3c(c2)OCO3)cc(OC)c1OC,0.016641084104776382
COc1ccc(C(C)=NN)cc1,1.2688446076936089e-05
CN1C(=O)C(=O)n2c(cc3ccccc32)C1=O,0.0006185382953844965
C[N+](C)(C)CC1CCCCC1O.[I-],3.6403336707735434e-05
COc1ccc(-c2cc(=O)c3c(OC)c(OC)c(OC)c(OC)c3o2)cc1,0.014484119601547718
CNC1CCc2cc(OC)c(OC)c(OC)c2-c2ccc(SC)c(=O)cc21,0.023937396705150604
COC1(C)CP(=O)(OC(C)C)CC(C)=C1Cl,0.004614771343767643
Cn1c2c(c(=O)n(C)c1=O)CN(Cc1ccccc1)CN2,0.010755767114460468
COc1ccc2c(c1)CCN1CCCc3ccc(OC)cc3C21,2.8236445359652862e-05
COc1c(Br)cc(C(=O)c2cc(Br)c(OC)c(C(=O)O)c2)cc1C(=O)O.N,0.09601203352212906
O=C1NC(=O)C(C(=O)C(=O)Nc2ccc(Cl)cc2Cl)C(=O)N1,0.004848351236432791
COc1ccc(N2C(=O)C3c4[nH]c5ccccc5c4C4CC(C)(C)CC(C)(C)C4C3C2=O)cc1,0.0004609998723026365
COC(=O)c1ccccc1SSc1ccccc1C(=O)OC,0.9132982492446899
O=C(NOC(=O)c1ccc([N+](=O)[O-])cc1)c1ccc(Cl)cc1,1.649166370043531e-05
N=c1[nH]nc(-c2ccccc2O)o1,0.019799349829554558
COc1cc2ccnc(C#N)c2cc1OCc1ccccc1,0.05731970816850662
Nc1ccc(N=O)c(N)n1,0.00015137340233195573
C1CC2=C(C1)C1=S(S2)SC2=C1CCC2,0.002860646927729249
O=C(N=C1C(=O)C2(CCCCC2)C2(N=C(c3ccccc3)OC2=O)C12CCCCC2)c1ccccc1,0.00026704196352511644
CCOc1ccccc1NC(=O)CCC(=O)NN,0.00018793068011291325
COc1ccc(C2SC(=N)Nc3c2c(C)nn3C(=O)c2ccccc2O)cc1,0.09666383266448975
Cc1cc(C)c(C2C3C(=O)N(c4ccc(Cc5ccc(N6C(=O)C7ON(c8ccccc8)C(c8c(C)cc(C)cc8C)C7C6=O)cc5)cc4)C(=O)C3ON2c2ccccc2)c(C)c1,0.0001347900542896241
CC12c3c4cc(NC(=O)C(=O)NCc5ccc(-c6ccccn6)nc5)cc3Oc3cc(NC(=O)C(=O)NCc5ccc(-c6ccccn6)nc5)cc(c31)OC1C=C(NC(=O)C(=O)NCc3ccc(-c5ccccn5)nc3)C=C(O4)C12,0.817337691783905
CC1(C)OC(=O)C(=Cc2ccc(F)cc2)C(=O)O1,0.000603867054451257
Cc1cc(C)n(C(=C(C(Cl)=C(Cl)Cl)[N+](=O)[O-])n2nc(C)cc2C)n1,3.819454832409974e-06
O=C(CC=Cc1ccccc1)c1ccccc1,0.002829678589478135
C=C(C(=O)O)C1CCC2(C)CCCC(C)(O)C2C1,0.00077539321500808
COc1ccc2c(c1)-c1c(c3cc(OC)ccc3n1CCN(C)C)CC2,0.0030303767416626215
COc1cc(O)cc(O)c1C(=O)CC(Cl)(Cl)Cl,2.7875113140310177e-17
CSCCC(NC(=O)c1ccccc1C(=O)O)C(=O)O,0.0049444278702139854
C=CCNC(=O)N1CC(C)C(=O)Nc2ccccc21,0.07258965820074081
c1ccc(OCc2nnc(CCCCCCCCc3nnc(COc4ccccc4)o3)o2)cc1,0.008827314712107182
CC1N=C(c2ccccc2)OC1=O,0.001183685613796115
CCCNCCOc1nc(Cl)c(Cl)cc1Cl,3.17476769851055e-05
CC1NC(=O)CC(c2ccccc2)N(N=O)C1c1ccccc1,0.00020774539734702557
O=c1[nH]c2nn(-c3ccccc3)cc2c(=O)n1O,0.0006438319105654955
Br.CCN1CCC(O)(c2ccc(Cl)cc2)C(C(=O)c2ccc(Cl)cc2)C1,2.7483089070301503e-05
N#Cc1c(N=Cc2ccccc2)c(C(=O)Nc2ccccc2)n2c1CCCC2,0.0002515038358978927
Cc1cc(O)c2c(c1)C(=O)C=CC2=O,0.016700709238648415
C=[N+](CNC(=O)CNC(=O)C(Cc1ccccc1)NC(=O)OC(C)(C)C)C(=O)CNC(=O)C(Cc1ccccc1)NC(=O)OC(C)(C)C,0.015623491257429123
Cc1nnc2sc(=S)[nH]n12,0.009582316502928734
CC(=O)N(C)CCc1c[nH]c2ccccc12,6.495094567071646e-05
Oc1nc2ccccc2c2oc3ccccc3c12,0.005010909866541624
Cc1nc(NCc2ccccc2)c2cc[nH]c2n1,0.0015748393489047885
CC(=O)NCC(=O)O.N=C(N)c1ccc(N=NNc2ccc(C(=N)N)cc2)cc1,0.19978661835193634
CCCC#CC(O)(C(=O)OC1CN2CCC1CC2)C1CCCCC1,1.26847071442171e-05
CC12CCC3C(CCC4c5nonc5CCC43C)C1CCC(=O)N2,0.2218732386827469
CC1(C)CC(=O)C2=C(C1)OC1=C(CC(C)(C)CC1=O)C2c1ccccc1[N+](=O)[O-],0.010259418748319149
O=C(c1ccccc1)c1cn(N=Cc2ccccc2)c(=O)nc1-c1ccccc1,0.007866707630455494
CC(=O)OC1CCC2C3CCC4=C(O)c5nocc5CC4(C)C3CCC12C,0.02418532408773899
CC(=O)NC(C)(C)C1CCC(C)CC1,0.0005368113052099943
CC(=O)Nc1ccc(C(=O)NN2C(=O)C(Cl)C2c2ccccc2)cc1,6.292602847679518e-06
FC(F)(F)C1(c2ccccc2)SCc2nc3ccccc3n21,0.6387075185775757
COc1ccc(SCc2cc(OC)c(OC)c(OC)c2)cc1OC,0.061530329287052155
CCOc1ccc2nc(NC(=O)C(=O)C3C(=O)C(CC4C(=O)c5ccccc5C4=O)C(=O)CC3(C)C)sc2c1,0.02678052708506584
CCOC(=O)C1SC(=Nc2cccc(Cl)c2C)N=C1C,0.09575977176427841
CNc1nc(N(C)C)nc(N(C)C)n1,1.2759991477651056e-05
NC(=O)[OH+][Co-4](N)(N)(N)(N)N.[IH2+],0.0
CNC.Cn1c(=S)[nH]n(CCOc2ccccc2)c1=S,0.0018017885740846395
CC(C)C=CC(O)(C(=O)OC1CN2CCC1CC2)C1CCCC1,0.0006857749540358782
COc1ccc2nc3cc(Cl)ccc3c(NC(C)CCCN(C)C)c2n1,0.039722129702568054
